{"stats":{"minecraft:custom":{"minecraft:time_since_rest":218,"minecraft:sprint_one_cm":67429,"minecraft:damage_taken":910,"minecraft:walk_one_cm":128249,"minecraft:mob_kills":4,"minecraft:drop":16,"minecraft:damage_dealt":996,"minecraft:swim_one_cm":7519,"minecraft:interact_with_crafting_table":5,"minecraft:fly_one_cm":9925,"minecraft:open_chest":43,"minecraft:play_time":32218,"tombstone:undead_killed":2,"minecraft:deaths":2,"minecraft:sneak_time":1,"minecraft:walk_under_water_one_cm":5540,"minecraft:jump":238,"minecraft:leave_game":1,"minecraft:time_since_death":27444,"minecraft:walk_on_water_one_cm":8860,"minecraft:sleep_in_bed":2,"minecraft:climb_one_cm":1060,"minecraft:total_world_time":32218,"minecraft:fall_one_cm":1617},"minecraft:killed":{"minecraft:zombie":2,"naturalist:butterfly":1,"minecraft:spider":1},"minecraft:dropped":{"minecraft:bread":13,"tombstone:grave_key":1,"minecraft:pumpkin_pie":2},"minecraft:used":{"minecraft:wooden_axe":13,"minecraft:bread":3,"minecraft:iron_pickaxe":11,"minecraft:player_head":1,"minecraft:diamond_sword":29,"minecraft:cobblestone":5,"minecraft:crafting_table":1,"minecraft:birch_log":12,"alexsmobs:animal_dictionary":1,"tombstone:gift":2},"minecraft:killed_by":{"minecraft:skeleton":1,"minecraft:zombie":1},"minecraft:mined":{"minecraft:hay_block":6,"minecraft:red_carpet":1,"minecraft:birch_log":38,"minecraft:birch_leaves":3,"minecraft:grass":7,"minecraft:coal_ore":2,"minecraft:cobblestone":5,"minecraft:tall_grass":1,"minecraft:stone":2},"minecraft:picked_up":{"minecraft:birch_log":38,"minecraft:diamond_sword":1,"minecraft:spider_eye":1,"minecraft:bone":2,"minecraft:rotten_flesh":2,"minecraft:pumpkin_pie":1,"minecraft:wheat_seeds":2,"minecraft:hay_block":6,"minecraft:player_head":1,"minecraft:iron_pickaxe":1,"minecraft:birch_sapling":1,"minecraft:cobblestone":17},"minecraft:crafted":{"minecraft:iron_boots":1,"minecraft:crafting_table":1,"minecraft:stick":8,"minecraft:wooden_axe":1,"minecraft:iron_shovel":1,"minecraft:birch_planks":60,"minecraft:bread":18,"minecraft:wheat":54}},"DataVersion":3465}