{"stats":{"minecraft:dropped":{"minecraft:bread":27,"minecraft:goat_horn":1,"minecraft:wheat_seeds":11,"minecraft:oak_log":5,"minecraft:stone_sword":1,"minecraft:stone_button":4,"minecraft:stone_pickaxe":1,"minecraft:wooden_pickaxe":1,"minecraft:iron_pickaxe":1,"minecraft:tripwire_hook":1},"minecraft:picked_up":{"paraglider:paraglider":1,"minecraft:wheat":4,"minecraft:ladder":1,"minecraft:tripwire_hook":1,"minecraft:sentry_armor_trim_smithing_template":2,"minecraft:oak_log":11,"minecraft:shield":1,"tombstone:gift":1,"minecraft:lantern":1,"minecraft:wooden_sword":1,"minecraft:bone":9,"minecraft:wheat_seeds":23,"minecraft:player_head":3,"minecraft:calcite":3,"minecraft:oak_planks":1,"minecraft:polished_andesite_stairs":1,"minecraft:stripped_mangrove_wood":13,"minecraft:cooked_porkchop":3,"minecraft:oak_fence":1,"minecraft:stone_button":5,"tombstone:grave_dust":2,"minecraft:dark_oak_log":5,"minecraft:goat_horn":1,"minecraft:arrow":12,"minecraft:hay_block":39,"minecraft:stripped_dark_oak_wood":7,"minecraft:bread":4,"minecraft:spruce_sign":1,"minecraft:emerald":1,"minecraft:dark_oak_fence":5,"minecraft:cobblestone":15},"minecraft:custom":{"minecraft:mob_kills":17,"tombstone:raider_killed":5,"minecraft:interact_with_crafting_table":7,"minecraft:open_barrel":9,"minecraft:leave_game":2,"minecraft:time_since_death":19366,"minecraft:sleep_in_bed":6,"minecraft:climb_one_cm":6259,"minecraft:time_since_rest":6080,"minecraft:sprint_one_cm":371859,"minecraft:damage_taken":3458,"minecraft:walk_one_cm":294157,"minecraft:damage_blocked_by_shield":3994,"minecraft:drop":43,"minecraft:damage_dealt":4959,"minecraft:player_kills":1,"minecraft:fly_one_cm":236297,"minecraft:open_chest":21,"minecraft:crouch_one_cm":6488,"minecraft:play_time":61431,"tombstone:undead_killed":11,"minecraft:deaths":8,"minecraft:sneak_time":1698,"minecraft:walk_under_water_one_cm":133,"minecraft:jump":932,"minecraft:walk_on_water_one_cm":354,"minecraft:total_world_time":61431,"minecraft:fall_one_cm":18485},"minecraft:killed":{"minecraft:husk":3,"minecraft:pig":1,"minecraft:skeleton":8,"minecraft:pillager":5},"minecraft:crafted":{"minecraft:oak_planks":24,"minecraft:crafting_table":4,"minecraft:wooden_pickaxe":1,"minecraft:iron_sword":1,"minecraft:bread":117,"minecraft:shield":1,"minecraft:stick":12,"minecraft:iron_pickaxe":1,"minecraft:stone_pickaxe":1,"minecraft:stone_sword":1,"minecraft:dark_oak_planks":20,"minecraft:wheat":351},"minecraft:used":{"minecraft:calcite":2,"minecraft:oak_fence":1,"minecraft:stone_sword":19,"minecraft:stone_pickaxe":3,"minecraft:oak_planks":1,"minecraft:wooden_pickaxe":15,"minecraft:shield":22,"minecraft:iron_sword":92,"minecraft:crafting_table":4,"minecraft:cake":1,"minecraft:apple":3,"minecraft:stripped_dark_oak_wood":7,"minecraft:lantern":1,"minecraft:bread":21,"minecraft:iron_pickaxe":4,"minecraft:wooden_sword":13,"minecraft:cobblestone":10,"minecraft:goat_horn":12,"tombstone:gift":3},"minecraft:mined":{"minecraft:ladder":1,"minecraft:calcite":4,"minecraft:tall_grass":2,"minecraft:cobblestone":1,"minecraft:oak_planks":4,"minecraft:spawner":1,"minecraft:hay_block":41,"minecraft:coarse_dirt":1,"minecraft:grass":4,"minecraft:oak_log":4,"minecraft:tripwire_hook":1,"minecraft:stone":15,"minecraft:cake":1,"minecraft:oak_leaves":1},"minecraft:broken":{"minecraft:shield":1},"minecraft:killed_by":{"minecraft:vindicator":1,"minecraft:skeleton":7}},"DataVersion":3465}