{"stats":{"minecraft:dropped":{"minecraft:bread":30,"minecraft:oak_log":3,"minecraft:lantern":1,"minecraft:dirt":1,"minecraft:shield":2,"minecraft:wooden_axe":1},"minecraft:picked_up":{"paraglider:paraglider":1,"minecraft:wheat":9,"minecraft:leather":2,"minecraft:sentry_armor_trim_smithing_template":2,"minecraft:filled_map":1,"minecraft:potion":1,"minecraft:oak_log":35,"minecraft:yellow_bed":6,"minecraft:string":2,"minecraft:dirt":1,"minecraft:lantern":3,"minecraft:item_frame":1,"minecraft:experience_bottle":2,"minecraft:bone":8,"minecraft:stonecutter":1,"minecraft:wheat_seeds":28,"minecraft:beef":1,"minecraft:iron_ingot":8,"minecraft:player_head":3,"tombstone:bag_of_seeds":1,"minecraft:cyan_candle":3,"minecraft:poppy":2,"minecraft:iron_pickaxe":1,"minecraft:oak_planks":7,"minecraft:stripped_mangrove_wood":3,"minecraft:cooked_porkchop":5,"minecraft:birch_trapdoor":1,"minecraft:oak_fence":1,"minecraft:stone_button":1,"tombstone:grave_dust":3,"minecraft:diorite":1,"minecraft:white_bed":1,"minecraft:carrot":2,"minecraft:cyan_bed":1,"minecraft:arrow":11,"minecraft:hay_block":23,"minecraft:stripped_dark_oak_wood":10,"minecraft:emerald":5,"minecraft:bread":23,"minecraft:mutton":1,"minecraft:dark_oak_fence":1,"minecraft:white_wool":1},"minecraft:custom":{"minecraft:interact_with_furnace":1,"minecraft:mob_kills":29,"tombstone:raider_killed":8,"minecraft:interact_with_crafting_table":9,"minecraft:open_barrel":17,"minecraft:bell_ring":15,"minecraft:leave_game":2,"minecraft:time_since_death":11391,"minecraft:sleep_in_bed":4,"minecraft:climb_one_cm":6738,"minecraft:time_since_rest":11346,"minecraft:sprint_one_cm":322158,"minecraft:damage_taken":4936,"minecraft:walk_one_cm":293957,"minecraft:damage_blocked_by_shield":2038,"minecraft:drop":8,"minecraft:damage_dealt":8217,"minecraft:talked_to_villager":5,"minecraft:fly_one_cm":484998,"minecraft:player_kills":1,"minecraft:open_chest":28,"minecraft:crouch_one_cm":12808,"minecraft:play_time":70895,"tombstone:undead_killed":12,"minecraft:deaths":10,"minecraft:sneak_time":4024,"minecraft:jump":1781,"minecraft:interact_with_blast_furnace":4,"minecraft:walk_on_water_one_cm":343,"minecraft:total_world_time":70895,"minecraft:fall_one_cm":42465},"minecraft:killed":{"minecraft:pig":3,"minecraft:vindicator":1,"minecraft:iron_golem":2,"minecraft:creeper":1,"minecraft:sheep":2,"minecraft:skeleton":11,"minecraft:pillager":7,"minecraft:zombie":1,"minecraft:cow":1},"minecraft:crafted":{"minecraft:oak_planks":128,"minecraft:crafting_table":4,"minecraft:bread":57,"minecraft:shield":4,"minecraft:iron_axe":1,"minecraft:stick":8,"minecraft:wooden_axe":3,"minecraft:wheat":135},"minecraft:used":{"minecraft:oak_fence":1,"minecraft:diorite":1,"minecraft:oak_planks":78,"minecraft:shield":21,"minecraft:iron_sword":106,"minecraft:stripped_mangrove_wood":3,"minecraft:torch":1,"minecraft:crafting_table":4,"minecraft:mushroom_stew":1,"minecraft:white_bed":1,"minecraft:wooden_axe":59,"minecraft:stripped_dark_oak_wood":6,"minecraft:lantern":1,"minecraft:iron_axe":24,"minecraft:bread":25,"minecraft:iron_pickaxe":3,"minecraft:item_frame":1,"minecraft:bow":7,"minecraft:goat_horn":2,"tombstone:gift":4,"minecraft:yellow_bed":1,"minecraft:experience_bottle":6},"minecraft:broken":{"minecraft:wooden_axe":1,"minecraft:leather_chestplate":1},"minecraft:mined":{"minecraft:white_bed":1,"minecraft:oak_fence":1,"minecraft:tall_grass":17,"minecraft:cyan_bed":2,"minecraft:oak_planks":3,"minecraft:black_stained_glass_pane":2,"minecraft:hay_block":23,"minecraft:wheat":9,"minecraft:birch_trapdoor":1,"minecraft:gray_bed":1,"minecraft:yellow_bed":4,"minecraft:stripped_dark_oak_wood":2,"minecraft:grass":19,"minecraft:oak_log":4,"minecraft:stonecutter":1,"minecraft:player_head":1,"minecraft:cyan_candle":1,"minecraft:oak_leaves":3},"minecraft:killed_by":{"minecraft:player":2,"minecraft:skeleton":7,"minecraft:iron_golem":1}},"DataVersion":3465}