{"stats":{"minecraft:dropped":{"minecraft:enchanted_book":4,"minecraft:bread":30,"minecraft:wheat_seeds":3,"minecraft:oak_log":3,"minecraft:baked_potato":1,"minecraft:diamond":2,"minecraft:lantern":1,"minecraft:coal":4,"minecraft:stick":10,"minecraft:dirt":2,"minecraft:stone_button":1,"tombstone:magic_scroll":1,"minecraft:wooden_axe":1,"minecraft:stripped_dark_oak_wood":5,"minecraft:potion":1,"minecraft:cobbled_deepslate":7,"minecraft:rotten_flesh":3,"minecraft:shield":2,"minecraft:andesite":2},"minecraft:picked_up":{"minecraft:coarse_dirt":6,"minecraft:iron_chestplate":2,"minecraft:wheat":9,"minecraft:clay_ball":40,"minecraft:sentry_armor_trim_smithing_template":2,"minecraft:lead":1,"minecraft:enchanted_book":6,"minecraft:potion":1,"minecraft:string":7,"minecraft:iron_leggings":2,"minecraft:item_frame":1,"minecraft:experience_bottle":2,"minecraft:blackstone":59,"minecraft:cobbled_deepslate":28,"minecraft:beef":1,"minecraft:player_head":4,"minecraft:poppy":2,"minecraft:iron_pickaxe":1,"minecraft:chest":5,"minecraft:stick":14,"minecraft:tipped_arrow":14,"minecraft:stripped_mangrove_wood":3,"minecraft:raw_iron":19,"minecraft:oak_door":2,"minecraft:birch_trapdoor":1,"minecraft:oak_fence":1,"minecraft:torch":9,"minecraft:polished_blackstone_bricks":1,"minecraft:stone_button":1,"tombstone:grave_dust":6,"minecraft:diorite":1,"minecraft:carrot":2,"minecraft:redstone":4,"minecraft:arrow":17,"minecraft:rotten_flesh":8,"minecraft:hay_block":34,"alexscaves:spelunkery_table":1,"minecraft:stripped_dark_oak_wood":11,"minecraft:mutton":1,"minecraft:white_wool":1,"minecraft:cobblestone":17,"paraglider:paraglider":1,"minecraft:magma_block":1,"minecraft:andesite":3,"minecraft:leather":2,"minecraft:potato":9,"minecraft:filled_map":1,"minecraft:oak_log":52,"minecraft:yellow_bed":8,"minecraft:gunpowder":6,"minecraft:dirt":186,"minecraft:lantern":3,"minecraft:bone":11,"minecraft:bow":1,"minecraft:stonecutter":1,"minecraft:wheat_seeds":46,"minecraft:iron_ingot":8,"tombstone:bag_of_seeds":1,"minecraft:cyan_candle":3,"minecraft:bamboo":1,"minecraft:oak_planks":10,"minecraft:smooth_basalt":3,"minecraft:cooked_porkchop":5,"minecraft:sand":41,"minecraft:white_bed":1,"minecraft:cyan_bed":1,"minecraft:spider_eye":1,"minecraft:diamond":27,"minecraft:bread":23,"minecraft:emerald":7,"tombstone:magic_scroll":1,"minecraft:oak_sapling":3,"minecraft:dark_oak_fence":1,"minecraft:coal":45},"minecraft:custom":{"minecraft:mob_kills":50,"minecraft:interact_with_crafting_table":17,"minecraft:open_barrel":18,"minecraft:bell_ring":15,"minecraft:damage_dealt_resisted":4692,"minecraft:eat_cake_slice":7,"minecraft:leave_game":4,"minecraft:time_since_death":35706,"minecraft:climb_one_cm":6738,"minecraft:sprint_one_cm":885840,"minecraft:walk_one_cm":549349,"minecraft:damage_blocked_by_shield":2663,"minecraft:drop":30,"minecraft:talked_to_villager":7,"minecraft:play_time":200583,"minecraft:deaths":12,"minecraft:sneak_time":14593,"minecraft:walk_under_water_one_cm":19758,"minecraft:jump":6084,"minecraft:interact_with_blast_furnace":5,"minecraft:walk_on_water_one_cm":54458,"minecraft:total_world_time":200583,"minecraft:interact_with_furnace":19,"tombstone:raider_killed":9,"minecraft:interact_with_loom":1,"minecraft:sleep_in_bed":10,"minecraft:time_since_rest":1820,"minecraft:damage_taken":7053,"minecraft:damage_dealt":12211,"minecraft:fly_one_cm":1688942,"minecraft:swim_one_cm":40022,"minecraft:player_kills":1,"minecraft:open_chest":125,"minecraft:crouch_one_cm":48084,"tombstone:undead_killed":24,"minecraft:interact_with_smoker":1,"minecraft:fall_one_cm":100445},"minecraft:killed":{"minecraft:vindicator":1,"minecraft:skeleton":12,"minecraft:drowned":1,"minecraft:illusioner":1,"minecraft:pig":3,"minecraft:iron_golem":2,"minecraft:creeper":3,"minecraft:sheep":2,"minecraft:trader_llama":1,"minecraft:pillager":7,"minecraft:zombie":3,"minecraft:stray":8,"minecraft:cow":1},"minecraft:crafted":{"minecraft:oak_planks":196,"minecraft:furnace":1,"minecraft:bone_meal":3,"minecraft:glass":38,"minecraft:iron_axe":1,"minecraft:chest":6,"minecraft:wheat":135,"minecraft:crafting_table":4,"minecraft:baked_potato":2,"minecraft:bucket":1,"minecraft:bread":57,"minecraft:air":0,"minecraft:shield":4,"minecraft:stick":16,"minecraft:wooden_axe":3,"minecraft:iron_shovel":1,"minecraft:gold_ingot":1},"minecraft:used":{"minecraft:oak_fence":1,"minecraft:iron_shovel":163,"minecraft:chest":11,"minecraft:shield":32,"minecraft:iron_sword":194,"minecraft:torch":3,"minecraft:dirt":84,"minecraft:salmon_bucket":1,"minecraft:glass":37,"minecraft:wooden_axe":59,"minecraft:lava_bucket":2,"minecraft:stripped_dark_oak_wood":6,"minecraft:lantern":1,"minecraft:iron_axe":24,"minecraft:item_frame":1,"minecraft:smooth_basalt":3,"minecraft:magma_block":1,"minecraft:bow":14,"minecraft:goat_horn":2,"minecraft:furnace":1,"tombstone:gift":6,"minecraft:potato":3,"minecraft:cobbled_deepslate":21,"minecraft:water_bucket":66,"minecraft:diorite":1,"minecraft:baked_potato":1,"minecraft:oak_planks":81,"minecraft:blackstone":51,"minecraft:stripped_mangrove_wood":3,"minecraft:crafting_table":4,"minecraft:mushroom_stew":1,"minecraft:white_bed":1,"tombstone:bag_of_seeds":2,"alexsmobs:terrapin_bucket":11,"minecraft:cyan_bed":1,"minecraft:bread":84,"minecraft:iron_pickaxe":238,"minecraft:cobblestone":9,"minecraft:bucket":81,"minecraft:yellow_bed":5,"minecraft:bone_meal":3,"minecraft:experience_bottle":6},"minecraft:broken":{"minecraft:leather_chestplate":1,"minecraft:wooden_axe":1},"minecraft:mined":{"alexscaves:spelunkery_table":1,"minecraft:white_bed":1,"minecraft:deepslate_diamond_ore":26,"minecraft:grass_block":1,"minecraft:black_stained_glass_pane":2,"minecraft:hay_block":34,"minecraft:magma_block":5,"minecraft:iron_ore":9,"minecraft:cobbled_deepslate":4,"minecraft:fire":8,"minecraft:andesite":3,"minecraft:stripped_dark_oak_wood":2,"minecraft:potatoes":3,"minecraft:deepslate_iron_ore":10,"minecraft:stone":17,"minecraft:player_head":1,"minecraft:deepslate_redstone_ore":1,"minecraft:blackstone":85,"minecraft:oak_fence":1,"minecraft:clay":14,"minecraft:chest":5,"minecraft:tall_grass":32,"minecraft:cyan_bed":2,"minecraft:oak_planks":6,"minecraft:coarse_dirt":6,"minecraft:wheat":9,"minecraft:birch_trapdoor":1,"minecraft:gray_bed":1,"minecraft:yellow_bed":5,"minecraft:grass":92,"minecraft:oak_log":4,"minecraft:coal_ore":41,"minecraft:sand":39,"minecraft:dirt":102,"minecraft:cobweb":4,"minecraft:smooth_basalt":3,"minecraft:stonecutter":1,"minecraft:cyan_candle":1,"minecraft:oak_leaves":3,"minecraft:deepslate":24},"minecraft:killed_by":{"minecraft:player":2,"minecraft:stray":1,"minecraft:iron_golem":1,"minecraft:skeleton":8}},"DataVersion":3465}