{"stats":{"minecraft:broken":{"minecraft:leather_chestplate":1,"minecraft:wooden_axe":1},"minecraft:killed":{"minecraft:spider":1,"minecraft:vindicator":2,"minecraft:skeleton":34,"minecraft:illusioner":1,"minecraft:drowned":4,"alexsmobs:frilled_shark":1,"minecraft:pig":3,"minecraft:iron_golem":2,"minecraft:creeper":3,"minecraft:sheep":2,"alexsmobs:catfish":1,"minecraft:trader_llama":1,"minecraft:pillager":8,"minecraft:zombie":32,"minecraft:stray":8,"minecraft:cow":1},"minecraft:killed_by":{"minecraft:player":2,"minecraft:stray":1,"minecraft:iron_golem":1,"minecraft:skeleton":9},"minecraft:crafted":{"minecraft:oak_planks":196,"minecraft:furnace":1,"minecraft:bone_meal":3,"minecraft:glass":38,"minecraft:iron_axe":1,"minecraft:chest":6,"minecraft:wheat":916,"minecraft:crafting_table":4,"minecraft:baked_potato":2,"minecraft:bucket":1,"minecraft:bread":318,"minecraft:air":0,"minecraft:shield":5,"minecraft:stick":20,"minecraft:iron_pickaxe":1,"minecraft:wooden_axe":3,"minecraft:iron_shovel":1,"minecraft:gold_ingot":1},"minecraft:mined":{"alexscaves:spelunkery_table":1,"minecraft:white_bed":1,"minecraft:deepslate_diamond_ore":26,"minecraft:grass_block":1,"minecraft:spawner":7,"minecraft:hay_block":140,"minecraft:black_stained_glass_pane":2,"minecraft:tall_seagrass":1,"minecraft:magma_block":5,"minecraft:iron_ore":9,"minecraft:cobbled_deepslate":4,"minecraft:fire":9,"minecraft:andesite":3,"minecraft:pumpkin":1,"minecraft:stripped_dark_oak_wood":2,"minecraft:brown_bed":7,"minecraft:potatoes":3,"minecraft:deepslate_iron_ore":10,"minecraft:stone":17,"minecraft:player_head":1,"minecraft:green_bed":1,"minecraft:deepslate_redstone_ore":1,"minecraft:red_bed":7,"minecraft:blackstone":85,"minecraft:oak_fence":1,"minecraft:clay":14,"minecraft:chest":5,"minecraft:tall_grass":34,"minecraft:cyan_bed":2,"minecraft:oak_planks":6,"minecraft:wall_torch":1,"minecraft:coarse_dirt":7,"minecraft:wheat":9,"minecraft:birch_trapdoor":1,"minecraft:gray_bed":1,"minecraft:yellow_bed":6,"minecraft:grass":100,"minecraft:oak_log":4,"minecraft:coal_ore":41,"minecraft:sand":39,"minecraft:dirt":104,"minecraft:cobweb":4,"minecraft:smooth_basalt":3,"minecraft:stonecutter":1,"minecraft:oak_leaves":3,"minecraft:cyan_candle":1,"minecraft:deepslate":24},"minecraft:used":{"minecraft:oak_fence":1,"minecraft:iron_shovel":163,"minecraft:chest":11,"minecraft:shield":51,"minecraft:iron_sword":245,"minecraft:player_head":1,"minecraft:torch":7,"minecraft:dirt":141,"minecraft:salmon_bucket":1,"minecraft:glass":37,"minecraft:wooden_axe":59,"minecraft:lava_bucket":2,"minecraft:stripped_dark_oak_wood":6,"minecraft:lantern":1,"minecraft:iron_axe":24,"minecraft:smooth_basalt":3,"minecraft:item_frame":3,"minecraft:magma_block":1,"minecraft:bow":16,"minecraft:goat_horn":2,"minecraft:furnace":1,"tombstone:gift":10,"minecraft:potato":3,"minecraft:cobbled_deepslate":21,"minecraft:brown_bed":1,"minecraft:water_bucket":85,"minecraft:diorite":1,"minecraft:baked_potato":1,"minecraft:oak_planks":81,"minecraft:blackstone":51,"minecraft:stripped_mangrove_wood":3,"minecraft:crafting_table":4,"minecraft:red_bed":1,"minecraft:mushroom_stew":1,"minecraft:white_bed":1,"tombstone:bag_of_seeds":4,"alexsmobs:terrapin_bucket":16,"minecraft:bread":124,"minecraft:cyan_bed":1,"minecraft:iron_pickaxe":246,"minecraft:diamond_sword":93,"minecraft:cobblestone":9,"minecraft:bucket":106,"minecraft:yellow_bed":5,"minecraft:bone_meal":3,"minecraft:experience_bottle":7},"minecraft:dropped":{"minecraft:enchanted_book":4,"minecraft:bread":156,"minecraft:wheat_seeds":4,"minecraft:oak_log":3,"minecraft:baked_potato":1,"minecraft:diamond":2,"minecraft:lantern":1,"minecraft:coal":4,"minecraft:stick":11,"minecraft:dirt":2,"tombstone:magic_scroll":1,"minecraft:stone_button":1,"minecraft:wooden_axe":1,"minecraft:stripped_dark_oak_wood":5,"minecraft:potion":1,"minecraft:cobbled_deepslate":7,"minecraft:rotten_flesh":3,"minecraft:diamond_sword":1,"minecraft:shield":2,"minecraft:andesite":2},"minecraft:picked_up":{"minecraft:iron_chestplate":2,"minecraft:coarse_dirt":6,"minecraft:wheat":11,"minecraft:clay_ball":40,"minecraft:sentry_armor_trim_smithing_template":2,"minecraft:lead":1,"minecraft:brown_bed":7,"minecraft:potion":1,"minecraft:enchanted_book":8,"minecraft:string":13,"minecraft:red_bed":13,"minecraft:moss_carpet":22,"minecraft:iron_leggings":2,"minecraft:item_frame":5,"minecraft:experience_bottle":2,"minecraft:blackstone":59,"minecraft:cobbled_deepslate":28,"minecraft:beef":1,"minecraft:player_head":5,"minecraft:iron_nugget":11,"minecraft:poppy":2,"minecraft:iron_pickaxe":1,"minecraft:chest":5,"minecraft:tipped_arrow":14,"minecraft:stick":15,"minecraft:raw_iron":24,"minecraft:stripped_mangrove_wood":3,"minecraft:oak_door":2,"minecraft:birch_trapdoor":1,"minecraft:oak_fence":1,"minecraft:torch":10,"minecraft:green_bed":1,"minecraft:fire_charge":1,"minecraft:polished_blackstone_bricks":2,"minecraft:stone_button":1,"tombstone:grave_dust":15,"minecraft:diorite":1,"minecraft:carrot":2,"minecraft:redstone":4,"minecraft:arrow":40,"minecraft:rotten_flesh":26,"minecraft:pumpkin_pie":6,"minecraft:hay_block":153,"alexscaves:spelunkery_table":1,"minecraft:stripped_dark_oak_wood":11,"minecraft:mutton":1,"minecraft:cobblestone":17,"minecraft:white_wool":1,"paraglider:paraglider":1,"minecraft:magma_block":1,"minecraft:andesite":3,"minecraft:leather":2,"minecraft:potato":9,"minecraft:filled_map":1,"paraglider:spirit_orb":8,"minecraft:oak_log":52,"minecraft:yellow_bed":9,"minecraft:gunpowder":6,"minecraft:dirt":286,"minecraft:lantern":4,"minecraft:bone":22,"minecraft:stonecutter":1,"minecraft:bow":2,"minecraft:wheat_seeds":71,"minecraft:iron_ingot":8,"tombstone:bag_of_seeds":2,"minecraft:cyan_candle":3,"minecraft:bamboo":2,"minecraft:iron_sword":2,"minecraft:oak_planks":10,"minecraft:smooth_basalt":3,"minecraft:cooked_porkchop":5,"minecraft:pumpkin":1,"minecraft:sand":41,"minecraft:white_bed":1,"minecraft:cyan_bed":1,"minecraft:spider_eye":1,"alexsmobs:raw_catfish":2,"minecraft:diamond":27,"minecraft:emerald":8,"minecraft:bread":23,"tombstone:magic_scroll":1,"minecraft:oak_sapling":3,"minecraft:dark_oak_fence":1,"minecraft:coal":45},"minecraft:custom":{"minecraft:interact_with_anvil":2,"minecraft:mob_kills":112,"minecraft:interact_with_crafting_table":21,"minecraft:open_barrel":42,"minecraft:bell_ring":15,"minecraft:damage_dealt_resisted":4692,"minecraft:eat_cake_slice":7,"minecraft:leave_game":6,"minecraft:time_since_death":94450,"minecraft:climb_one_cm":10934,"minecraft:sprint_one_cm":1128601,"minecraft:damage_blocked_by_shield":3423,"minecraft:walk_one_cm":763405,"minecraft:drop":35,"minecraft:talked_to_villager":15,"minecraft:play_time":310013,"minecraft:sneak_time":17458,"minecraft:deaths":13,"minecraft:walk_under_water_one_cm":77883,"minecraft:jump":7536,"minecraft:interact_with_blast_furnace":6,"minecraft:walk_on_water_one_cm":160605,"minecraft:total_world_time":310013,"minecraft:interact_with_furnace":21,"tombstone:raider_killed":11,"minecraft:interact_with_loom":2,"minecraft:interact_with_grindstone":2,"minecraft:sleep_in_bed":12,"minecraft:time_since_rest":57746,"minecraft:damage_taken":9143,"minecraft:damage_dealt":24073,"minecraft:player_kills":1,"minecraft:swim_one_cm":198665,"minecraft:fly_one_cm":2025260,"minecraft:open_chest":303,"minecraft:crouch_one_cm":59889,"tombstone:undead_killed":78,"minecraft:interact_with_smoker":2,"minecraft:fall_one_cm":120943}},"DataVersion":3465}