{"stats":{"minecraft:dropped":{"minecraft:enchanted_book":4,"minecraft:iron_ingot":1,"minecraft:wheat_seeds":81,"minecraft:oak_log":17,"minecraft:crossbow":1,"minecraft:leather":3,"minecraft:stick":6,"minecraft:dirt":11,"minecraft:dark_oak_log":2,"minecraft:stone_button":3,"tombstone:magic_scroll":1,"minecraft:torch":8,"tombstone:grave_key":1,"minecraft:brown_wool":1,"minecraft:stripped_dark_oak_wood":1,"minecraft:iron_leggings":2,"minecraft:potion":2,"minecraft:dark_oak_planks":1,"minecraft:white_wool":2,"minecraft:redstone_block":2,"minecraft:bone":4,"minecraft:oak_door":2,"minecraft:goat_horn":1,"alexsmobs:animal_dictionary":1,"minecraft:smooth_stone_slab":2,"minecraft:wheat":7,"minecraft:beetroot":2,"minecraft:rotten_flesh":7,"minecraft:oak_planks":2,"minecraft:filled_map":1,"minecraft:tipped_arrow":8,"minecraft:spruce_planks":4,"minecraft:iron_chestplate":2,"minecraft:charcoal":2,"minecraft:andesite":1,"minecraft:beetroot_seeds":6,"minecraft:acacia_sapling":4,"minecraft:spider_eye":1,"minecraft:arrow":4,"minecraft:stone_pickaxe":1,"minecraft:wooden_pickaxe":1,"minecraft:calcite":1,"minecraft:cyan_bed":1},"minecraft:picked_up":{"minecraft:charcoal":2,"minecraft:crafting_table":6,"minecraft:wheat":15,"minecraft:redstone_block":3,"minecraft:ladder":1,"minecraft:lead":1,"minecraft:wooden_pickaxe":1,"minecraft:oak_stairs":1,"minecraft:enchanted_book":4,"minecraft:potion":2,"minecraft:string":14,"minecraft:raw_copper":10,"minecraft:smooth_stone_slab":4,"minecraft:item_frame":1,"minecraft:experience_bottle":1,"minecraft:blackstone":274,"minecraft:beetroot":2,"minecraft:cobbled_deepslate":104,"minecraft:beef":2,"minecraft:spruce_planks":4,"minecraft:calcite":1,"minecraft:player_head":3,"minecraft:poppy":2,"minecraft:coal_block":3,"minecraft:furnace":1,"minecraft:tipped_arrow":8,"minecraft:stick":6,"minecraft:raw_iron":25,"minecraft:stripped_mangrove_wood":96,"minecraft:oak_door":4,"minecraft:torch":21,"minecraft:porkchop":12,"minecraft:polished_blackstone_bricks":1,"minecraft:cake":1,"minecraft:stone_button":6,"tombstone:grave_dust":17,"minecraft:carrot":22,"minecraft:redstone":20,"minecraft:goat_horn":1,"minecraft:dark_oak_planks":2,"minecraft:arrow":37,"minecraft:rotten_flesh":10,"minecraft:beetroot_seeds":6,"minecraft:pumpkin_pie":2,"minecraft:deepslate_bricks":4,"alexscaves:spelunkery_table":2,"minecraft:iron_block":1,"minecraft:stripped_dark_oak_wood":3,"minecraft:mangrove_roots":6,"paraglider:horned_statue":2,"minecraft:glow_berries":16,"minecraft:mutton":28,"minecraft:white_wool":10,"minecraft:cobblestone":54,"paraglider:paraglider":2,"minecraft:water_bucket":1,"minecraft:andesite":21,"minecraft:brown_wool":2,"minecraft:leather":9,"minecraft:smoker":2,"minecraft:potato":19,"minecraft:filled_map":1,"minecraft:tuff":4,"minecraft:oak_log":124,"minecraft:yellow_bed":2,"minecraft:map":8,"minecraft:lapis_lazuli":28,"minecraft:dirt":207,"minecraft:paper":74,"tombstone:gift":1,"minecraft:cooked_mutton":10,"minecraft:bone":56,"minecraft:stonecutter":3,"minecraft:wheat_seeds":166,"minecraft:tall_grass":1,"minecraft:bamboo":1,"minecraft:gray_bed":4,"minecraft:honeycomb":9,"minecraft:oak_planks":70,"minecraft:acacia_sapling":4,"minecraft:book":64,"minecraft:sand":73,"minecraft:blast_furnace":2,"minecraft:white_bed":1,"minecraft:cyan_bed":4,"minecraft:dark_oak_log":2,"minecraft:spider_eye":3,"alexsmobs:animal_dictionary":2,"minecraft:oak_wood":74,"minecraft:diamond_shovel":1,"minecraft:slime_ball":6,"minecraft:diamond":21,"minecraft:diamond_axe":1,"minecraft:grass":3,"minecraft:gray_wool":1,"minecraft:emerald":4,"minecraft:bread":16,"tombstone:magic_scroll":1,"minecraft:baked_potato":19,"minecraft:black_wool":3,"minecraft:oak_sapling":6,"minecraft:coal":21,"minecraft:diamond_pickaxe":1},"minecraft:custom":{"minecraft:mob_kills":72,"minecraft:interact_with_crafting_table":33,"minecraft:open_barrel":7,"minecraft:damage_dealt_resisted":4433,"minecraft:eat_cake_slice":5,"minecraft:leave_game":4,"minecraft:time_since_death":35184,"minecraft:climb_one_cm":4570,"minecraft:sprint_one_cm":1011696,"minecraft:walk_one_cm":684656,"minecraft:damage_blocked_by_shield":1475,"minecraft:drop":109,"minecraft:talked_to_villager":1,"minecraft:play_time":199532,"minecraft:deaths":18,"minecraft:sneak_time":6299,"minecraft:walk_under_water_one_cm":23086,"minecraft:jump":3497,"minecraft:interact_with_blast_furnace":6,"minecraft:walk_on_water_one_cm":53775,"minecraft:total_world_time":199532,"minecraft:interact_with_furnace":9,"tombstone:raider_killed":4,"minecraft:interact_with_stonecutter":3,"minecraft:sleep_in_bed":6,"minecraft:time_since_rest":28789,"minecraft:damage_taken":7320,"tombstone:sneak_grave":2,"minecraft:damage_dealt":10483,"minecraft:swim_one_cm":18143,"minecraft:fly_one_cm":920383,"minecraft:open_chest":95,"minecraft:crouch_one_cm":23527,"tombstone:undead_killed":26,"tombstone:villager_killed":1,"minecraft:interact_with_smoker":4,"minecraft:fall_one_cm":59907},"minecraft:killed":{"minecraft:spider":1,"minecraft:slime":4,"minecraft:skeleton":8,"minecraft:horse":1,"minecraft:illusioner":1,"minecraft:husk":2,"minecraft:pig":5,"minecraft:wandering_trader":1,"minecraft:sheep":10,"minecraft:trader_llama":1,"minecraft:pillager":3,"minecraft:zombie":5,"minecraft:stray":11,"minecraft:cow":6},"minecraft:used":{"minecraft:stone_sword":2,"minecraft:ladder":1,"minecraft:chest":1,"minecraft:shield":17,"minecraft:iron_sword":143,"minecraft:player_head":3,"minecraft:oak_door":1,"minecraft:torch":19,"minecraft:dirt":143,"minecraft:carrot":26,"minecraft:glass":7,"paraglider:horned_statue":1,"minecraft:dark_oak_planks":9,"minecraft:oak_stairs":1,"minecraft:iron_axe":24,"minecraft:item_frame":1,"minecraft:furnace":2,"minecraft:goat_horn":1,"minecraft:gray_bed":3,"tombstone:gift":10,"minecraft:potato":1,"minecraft:cobbled_deepslate":45,"minecraft:cooked_mutton":16,"minecraft:water_bucket":106,"minecraft:stone_pickaxe":5,"minecraft:oak_planks":279,"minecraft:wooden_pickaxe":12,"minecraft:stonecutter":2,"minecraft:diamond_axe":125,"minecraft:deepslate_bricks":41,"minecraft:polished_blackstone_bricks":88,"minecraft:stripped_mangrove_wood":13,"minecraft:sand":23,"minecraft:crafting_table":6,"minecraft:blast_furnace":2,"minecraft:cake":1,"minecraft:smoker":2,"minecraft:diamond_pickaxe":232,"minecraft:diamond_shovel":471,"minecraft:cyan_bed":3,"minecraft:bread":3,"minecraft:iron_pickaxe":170,"minecraft:leather_helmet":1,"minecraft:stone_axe":1,"minecraft:diamond_sword":107,"minecraft:cobblestone":29,"minecraft:bone_meal":69,"minecraft:andesite":4,"minecraft:bucket":107,"minecraft:yellow_bed":2,"minecraft:pumpkin_pie":2,"alexsmobs:animal_dictionary":2,"minecraft:gray_wool":1,"minecraft:experience_bottle":3},"minecraft:crafted":{"minecraft:oak_door":3,"minecraft:oak_planks":388,"minecraft:coal":27,"minecraft:furnace":1,"minecraft:bone_meal":111,"minecraft:diamond_shovel":1,"minecraft:cooked_mutton":16,"minecraft:glass":12,"minecraft:iron_axe":1,"minecraft:stone_pickaxe":2,"minecraft:chest":1,"minecraft:dark_oak_planks":8,"minecraft:diamond_sword":1,"minecraft:diamond_axe":1,"minecraft:crafting_table":1,"minecraft:iron_helmet":1,"minecraft:wooden_pickaxe":2,"minecraft:baked_potato":17,"minecraft:iron_sword":1,"minecraft:bucket":1,"minecraft:stone_axe":1,"minecraft:air":0,"minecraft:iron_chestplate":2,"minecraft:diamond_pickaxe":1,"minecraft:shield":1,"minecraft:stick":40,"minecraft:iron_ingot":13,"minecraft:iron_pickaxe":1,"minecraft:stone_sword":1,"minecraft:iron_leggings":3,"minecraft:torch":48},"minecraft:mined":{"minecraft:dark_oak_planks":2,"minecraft:tuff":4,"minecraft:white_bed":1,"minecraft:deepslate_diamond_ore":16,"minecraft:mangrove_roots":4,"minecraft:grass_block":338,"minecraft:deepslate_bricks":4,"minecraft:coal_block":3,"minecraft:spruce_leaves":4,"minecraft:polished_blackstone_bricks":2,"minecraft:spawner":1,"minecraft:black_stained_glass_pane":2,"minecraft:furnace":1,"minecraft:carrots":6,"minecraft:iron_ore":7,"minecraft:andesite":20,"minecraft:deepslate_lapis_ore":5,"minecraft:stripped_dark_oak_wood":3,"minecraft:bookshelf":20,"minecraft:potatoes":11,"minecraft:dirt_path":1,"minecraft:deepslate_iron_ore":19,"minecraft:oak_stairs":1,"minecraft:bamboo":1,"minecraft:stone":51,"minecraft:iron_block":1,"minecraft:deepslate_redstone_ore":2,"minecraft:redstone_block":1,"minecraft:blackstone":165,"minecraft:smoker":2,"minecraft:stone_brick_slab":2,"minecraft:clay":1,"minecraft:oak_fence":1,"minecraft:crafting_table":6,"minecraft:blast_furnace":2,"minecraft:oak_wood":25,"minecraft:calcite":1,"minecraft:polished_andesite_stairs":1,"minecraft:stone_slab":1,"minecraft:copper_ore":1,"minecraft:tall_grass":6,"minecraft:cobblestone":3,"minecraft:cyan_bed":3,"minecraft:oak_planks":15,"minecraft:diorite":1,"minecraft:birch_leaves":5,"paraglider:horned_statue":1,"minecraft:wheat":37,"minecraft:gray_bed":2,"minecraft:white_carpet":6,"minecraft:yellow_bed":5,"minecraft:smooth_stone_slab":1,"minecraft:grass":274,"minecraft:oak_log":60,"minecraft:beetroots":1,"minecraft:dirt":14,"minecraft:sunflower":1,"minecraft:sand":61,"minecraft:cobweb":2,"minecraft:smooth_basalt":2,"minecraft:stonecutter":2,"minecraft:oak_leaves":34,"minecraft:deepslate":88},"minecraft:killed_by":{"minecraft:player":1,"minecraft:pillager":1,"minecraft:iron_golem":1,"minecraft:vindicator":1,"minecraft:skeleton":11,"minecraft:illusioner":2}},"DataVersion":3465}