{"stats":{"minecraft:mined":{"minecraft:dark_oak_planks":14,"minecraft:white_bed":1,"minecraft:cobblestone_stairs":1,"minecraft:orange_stained_glass":1,"minecraft:obsidian":4,"minecraft:brewing_stand":1,"minecraft:spruce_trapdoor":1,"minecraft:granite":1,"minecraft:acacia_log":6,"minecraft:grass_block":342,"minecraft:deepslate_bricks":4,"minecraft:coal_block":3,"minecraft:spawner":24,"minecraft:polished_blackstone_bricks":2,"minecraft:mossy_cobblestone_slab":1,"minecraft:dark_oak_trapdoor":2,"minecraft:cobbled_deepslate":5,"minecraft:iron_ore":31,"minecraft:barrel":4,"minecraft:anvil":1,"minecraft:deepslate_lapis_ore":5,"minecraft:stripped_dark_oak_wood":6,"minecraft:dirt_path":1,"minecraft:iron_bars":5,"minecraft:oak_stairs":1,"minecraft:spruce_wood":4,"minecraft:iron_block":1,"minecraft:player_head":1,"minecraft:waxed_cut_copper_stairs":1,"minecraft:deepslate_redstone_ore":2,"minecraft:cyan_terracotta":1,"minecraft:blackstone":387,"minecraft:smoker":2,"minecraft:clay":1,"minecraft:torch":2,"minecraft:jungle_stairs":2,"minecraft:blast_furnace":3,"minecraft:calcite":26,"minecraft:polished_andesite_stairs":1,"minecraft:chest":2,"minecraft:cobblestone":31,"minecraft:cyan_bed":9,"minecraft:grindstone":1,"minecraft:oak_planks":21,"minecraft:wall_torch":4,"minecraft:amethyst_block":2,"minecraft:cauldron":1,"minecraft:birch_log":18,"paraglider:horned_statue":1,"minecraft:wheat":37,"minecraft:light_gray_wool":13,"minecraft:smooth_stone_slab":5,"minecraft:grass":298,"minecraft:oak_log":78,"minecraft:beetroots":1,"minecraft:sand":62,"minecraft:dirt":14,"minecraft:crimson_planks":2,"minecraft:smooth_basalt":5,"minecraft:stonecutter":2,"minecraft:dispenser":1,"minecraft:netherrack":1,"minecraft:polished_deepslate_wall":1,"minecraft:oak_leaves":36,"minecraft:deepslate":399,"minecraft:dark_prismarine":2,"alexscaves:spelunkery_table":1,"minecraft:tuff":11,"minecraft:mossy_cobblestone":7,"minecraft:deepslate_diamond_ore":29,"minecraft:red_stained_glass":4,"minecraft:mangrove_roots":4,"minecraft:purple_terracotta":2,"minecraft:jungle_planks":3,"minecraft:white_stained_glass":3,"minecraft:spruce_leaves":4,"minecraft:large_fern":2,"minecraft:hay_block":7,"minecraft:black_stained_glass_pane":3,"minecraft:furnace":1,"minecraft:carrots":6,"minecraft:acacia_wood":20,"minecraft:andesite":51,"minecraft:bookshelf":42,"minecraft:potatoes":15,"minecraft:deepslate_iron_ore":32,"minecraft:bamboo":1,"minecraft:stone":90,"minecraft:smithing_table":2,"minecraft:acacia_leaves":1,"minecraft:redstone_block":1,"minecraft:basalt":1,"minecraft:stone_brick_slab":2,"minecraft:oak_fence":6,"minecraft:crafting_table":6,"minecraft:oak_wood":25,"minecraft:stone_slab":1,"minecraft:copper_ore":1,"minecraft:tall_grass":22,"minecraft:deepslate_gold_ore":12,"minecraft:diorite":2,"minecraft:sweet_berry_bush":1,"minecraft:gray_bed":2,"minecraft:white_carpet":6,"minecraft:spruce_log":3,"minecraft:birch_leaves":8,"minecraft:yellow_bed":5,"minecraft:potted_azure_bluet":1,"minecraft:coal_ore":30,"minecraft:cyan_carpet":1,"minecraft:sunflower":1,"minecraft:gravel":2,"minecraft:acacia_planks":7,"minecraft:cobweb":9,"minecraft:cracked_stone_bricks":3,"minecraft:terracotta":384,"minecraft:stripped_acacia_wood":13,"minecraft:stone_bricks":18,"minecraft:polished_andesite":4,"minecraft:mossy_stone_bricks":6},"minecraft:broken":{"minecraft:iron_boots":1,"minecraft:iron_chestplate":1,"minecraft:iron_leggings":1,"minecraft:shield":2,"minecraft:iron_helmet":1},"minecraft:picked_up":{"minecraft:wooden_axe":3,"minecraft:wheat":19,"minecraft:redstone_block":3,"minecraft:anvil":1,"minecraft:flower_pot":1,"minecraft:smithing_table":2,"minecraft:lead":8,"minecraft:diamond_sword":3,"minecraft:oak_stairs":1,"minecraft:potion":3,"minecraft:enchanted_book":5,"minecraft:crimson_planks":1,"minecraft:brewing_stand":1,"minecraft:amethyst_block":2,"minecraft:polished_deepslate_wall":1,"minecraft:string":25,"minecraft:dark_oak_trapdoor":2,"minecraft:raw_copper":10,"minecraft:cooked_salmon":2,"minecraft:smooth_stone_slab":5,"minecraft:experience_bottle":1,"minecraft:beetroot":2,"minecraft:cobbled_deepslate":406,"minecraft:spruce_planks":4,"minecraft:calcite":26,"alexsmobs:raccoon_tail":1,"minecraft:coal_block":3,"minecraft:furnace":1,"minecraft:tipped_arrow":10,"minecraft:stick":7,"minecraft:oak_fence":5,"minecraft:torch":98,"minecraft:acacia_log":7,"minecraft:porkchop":72,"minecraft:pointed_dripstone":2,"tombstone:grave_dust":31,"minecraft:diorite":1,"minecraft:cauldron":2,"minecraft:goat_horn":1,"minecraft:waxed_cut_copper_stairs":1,"minecraft:rotten_flesh":122,"minecraft:honey_bottle":1,"minecraft:iron_block":1,"minecraft:cyan_terracotta":1,"minecraft:mangrove_roots":6,"minecraft:obsidian":4,"minecraft:iron_bars":3,"minecraft:cod":9,"alexsmobs:flying_fish":1,"minecraft:cobblestone":89,"paraglider:paraglider":2,"minecraft:birch_log":17,"minecraft:feather":1,"minecraft:water_bucket":1,"minecraft:andesite":46,"minecraft:brown_wool":2,"minecraft:smoker":2,"minecraft:potato":35,"alexsmobs:bison_fur":2,"paraglider:spirit_orb":88,"minecraft:tuff":11,"alexsmobs:rocky_shell":1,"minecraft:map":8,"minecraft:lapis_lazuli":46,"minecraft:dirt":210,"minecraft:lantern":2,"minecraft:bone":120,"minecraft:acacia_planks":10,"minecraft:stonecutter":3,"minecraft:bow":1,"minecraft:wheat_seeds":171,"minecraft:raw_gold":24,"minecraft:grindstone":2,"minecraft:dark_oak_sign":2,"minecraft:mossy_stone_bricks":9,"minecraft:bamboo":1,"minecraft:oak_planks":76,"minecraft:honeycomb":9,"minecraft:cooked_porkchop":11,"minecraft:stripped_acacia_wood":20,"minecraft:jungle_planks":3,"minecraft:sand":74,"minecraft:cyan_bed":12,"minecraft:acacia_stairs":2,"minecraft:mossy_cobblestone":3,"alexsmobs:animal_dictionary":2,"minecraft:dark_oak_log":2,"minecraft:barrel":4,"minecraft:dark_prismarine":2,"minecraft:bundle":6,"minecraft:polished_andesite":5,"minecraft:dispenser":1,"minecraft:diamond":36,"minecraft:crossbow":5,"minecraft:granite":1,"minecraft:grass":3,"minecraft:golden_apple":1,"minecraft:emerald":26,"minecraft:bread":93,"minecraft:oak_sapling":8,"minecraft:oak_leaves":2,"minecraft:diamond_pickaxe":1,"minecraft:charcoal":2,"minecraft:coarse_dirt":6,"minecraft:crafting_table":6,"minecraft:azure_bluet":1,"minecraft:chicken":2,"minecraft:ladder":2,"minecraft:turtle_helmet":1,"minecraft:wooden_pickaxe":1,"alexscaves:cooked_tripodfish":2,"minecraft:item_frame":2,"minecraft:blackstone":490,"minecraft:cyan_carpet":1,"minecraft:cracked_stone_bricks":2,"minecraft:netherite_sword":1,"minecraft:beef":49,"minecraft:player_head":27,"minecraft:poppy":2,"minecraft:spruce_slab":1,"minecraft:light_gray_wool":9,"minecraft:chest":2,"minecraft:spruce_trapdoor":1,"minecraft:phantom_membrane":3,"minecraft:raw_iron":53,"minecraft:stripped_mangrove_wood":96,"minecraft:oak_door":4,"minecraft:polished_blackstone_bricks":1,"minecraft:cake":1,"minecraft:stone_button":6,"minecraft:carrot":24,"minecraft:redstone":20,"minecraft:netherite_pickaxe":1,"minecraft:iron_horse_armor":1,"minecraft:purple_terracotta":2,"minecraft:dark_oak_planks":29,"minecraft:arrow":117,"minecraft:beetroot_seeds":8,"minecraft:pumpkin_pie":2,"minecraft:jungle_stairs":2,"minecraft:diamond_boots":1,"minecraft:deepslate_bricks":4,"minecraft:hay_block":8,"alexscaves:spelunkery_table":3,"minecraft:stripped_dark_oak_wood":6,"minecraft:saddle":2,"paraglider:horned_statue":2,"minecraft:glow_berries":16,"minecraft:mutton":32,"minecraft:white_wool":10,"minecraft:netherite_boots":1,"minecraft:basalt":1,"minecraft:glow_ink_sac":2,"minecraft:salmon":1,"minecraft:leather":32,"minecraft:acacia_wood":11,"minecraft:filled_map":1,"minecraft:oak_log":141,"minecraft:yellow_bed":2,"minecraft:paper":74,"minecraft:white_banner":3,"tombstone:gift":1,"minecraft:cooked_mutton":10,"minecraft:apple":4,"minecraft:stone_bricks":18,"minecraft:gray_carpet":1,"alexsmobs:cockroach_wing_fragment":1,"minecraft:spruce_wood":8,"tombstone:bag_of_seeds":2,"minecraft:tall_grass":1,"minecraft:gray_bed":4,"minecraft:iron_sword":4,"minecraft:acacia_sapling":4,"minecraft:dark_oak_stairs":1,"minecraft:book":122,"minecraft:smooth_basalt":3,"minecraft:gravel":1,"minecraft:blast_furnace":3,"minecraft:spruce_log":2,"minecraft:white_bed":1,"minecraft:spider_eye":7,"alexsmobs:raw_catfish":3,"minecraft:oak_wood":74,"minecraft:diamond_shovel":1,"minecraft:slime_ball":6,"minecraft:diamond_axe":1,"minecraft:gray_wool":1,"tombstone:magic_scroll":7,"minecraft:terracotta":385,"minecraft:baked_potato":19,"minecraft:black_wool":3,"minecraft:coal":56,"minecraft:ender_pearl":2},"minecraft:killed":{"minecraft:spider":10,"minecraft:skeleton":42,"minecraft:chicken":2,"minecraft:illusioner":1,"alexsmobs:kangaroo":2,"minecraft:pig":10,"minecraft:zombie_villager":1,"minecraft:sheep":10,"minecraft:trader_llama":1,"minecraft:pillager":56,"minecraft:zombie":67,"minecraft:stray":14,"minecraft:cow":12,"alexsmobs:raccoon":1,"minecraft:vindicator":2,"minecraft:slime":5,"minecraft:phantom":5,"minecraft:horse":2,"alexsmobs:bison":2,"alexsmobs:flying_fish":1,"alexsmobs:rocky_roller":1,"minecraft:husk":53,"minecraft:bat":1,"minecraft:wandering_trader":1,"minecraft:hoglin":19,"alexsmobs:catfish":1,"minecraft:wither_skeleton":32,"minecraft:enderman":1},"minecraft:custom":{"minecraft:interact_with_crafting_table":66,"minecraft:open_barrel":37,"minecraft:eat_cake_slice":17,"minecraft:leave_game":7,"minecraft:time_since_death":15522,"minecraft:damage_resisted":23,"minecraft:sprint_one_cm":1899840,"minecraft:damage_blocked_by_shield":6478,"minecraft:drop":236,"minecraft:talked_to_villager":4,"minecraft:play_time":566596,"minecraft:deaths":37,"minecraft:jump":7739,"minecraft:walk_on_water_one_cm":176557,"minecraft:enchant_item":1,"minecraft:interact_with_furnace":16,"minecraft:interact_with_loom":3,"minecraft:sleep_in_bed":12,"tombstone:sneak_grave":2,"minecraft:damage_dealt":88953,"minecraft:crouch_one_cm":71612,"tombstone:undead_killed":214,"tombstone:villager_killed":1,"minecraft:interact_with_smoker":16,"minecraft:inspect_dispenser":1,"minecraft:interact_with_smithing_table":5,"minecraft:interact_with_anvil":11,"minecraft:mob_kills":372,"minecraft:damage_dealt_resisted":4433,"minecraft:climb_one_cm":18540,"minecraft:walk_one_cm":1898606,"minecraft:sneak_time":22840,"minecraft:walk_under_water_one_cm":102331,"minecraft:boat_one_cm":173129,"minecraft:interact_with_blast_furnace":21,"minecraft:total_world_time":566596,"tombstone:raider_killed":64,"minecraft:tune_noteblock":22,"minecraft:raid_trigger":1,"minecraft:interact_with_grindstone":3,"minecraft:interact_with_stonecutter":4,"minecraft:time_since_rest":15374,"minecraft:damage_absorbed":46,"minecraft:damage_taken":22361,"tombstone:cast_on_ally":0,"minecraft:swim_one_cm":202710,"minecraft:fly_one_cm":1788631,"minecraft:open_chest":416,"minecraft:fall_one_cm":147882},"minecraft:dropped":{"minecraft:porkchop":2,"minecraft:oak_log":17,"minecraft:ender_pearl":1,"minecraft:glass_bottle":1,"minecraft:pitcher_pod":3,"minecraft:crossbow":2,"alexsmobs:rocky_shell":1,"minecraft:leather":3,"minecraft:jungle_planks":3,"minecraft:item_frame":1,"minecraft:dirt":11,"minecraft:dark_oak_log":2,"minecraft:stone_button":3,"minecraft:stripped_dark_oak_wood":1,"minecraft:sand":14,"minecraft:dark_oak_planks":1,"minecraft:white_wool":4,"minecraft:bone":11,"minecraft:oak_door":2,"minecraft:waxed_cut_copper_stairs":1,"minecraft:goat_horn":1,"alexsmobs:animal_dictionary":1,"minecraft:wheat":10,"minecraft:pointed_dripstone":1,"minecraft:beetroot":2,"minecraft:rotten_flesh":47,"minecraft:oak_planks":2,"minecraft:honey_bottle":1,"minecraft:salmon":1,"minecraft:carrot":2,"minecraft:tipped_arrow":8,"minecraft:turtle_helmet":1,"minecraft:charcoal":2,"minecraft:jungle_stairs":1,"minecraft:beetroot_seeds":8,"minecraft:acacia_sapling":4,"minecraft:arrow":54,"minecraft:oak_leaves":2,"minecraft:enchanted_book":4,"minecraft:iron_ingot":1,"minecraft:wheat_seeds":148,"minecraft:feather":1,"minecraft:apple":4,"minecraft:granite":1,"minecraft:coal":5,"alexsmobs:raw_catfish":3,"minecraft:stick":6,"tombstone:magic_scroll":2,"minecraft:torch":136,"tombstone:grave_key":1,"minecraft:wooden_axe":1,"minecraft:brown_wool":1,"minecraft:cooked_salmon":2,"minecraft:map":4,"tombstone:grave_dust":2,"minecraft:potion":3,"minecraft:iron_leggings":2,"minecraft:string":1,"minecraft:polished_deepslate_wall":1,"minecraft:redstone_block":2,"minecraft:smooth_stone_slab":2,"minecraft:raw_iron":2,"minecraft:iron_boots":1,"immersive_armors:heavy_chestplate":1,"minecraft:oak_sign":15,"alexscaves:cooked_tripodfish":2,"minecraft:filled_map":1,"minecraft:diamond_sword":2,"immersive_armors:heavy_helmet":1,"minecraft:potato":3,"minecraft:hay_block":4,"minecraft:shield":1,"alexsmobs:cockroach_wing_fragment":1,"minecraft:spruce_planks":4,"minecraft:bundle":2,"minecraft:iron_chestplate":2,"minecraft:andesite":1,"minecraft:mossy_stone_bricks":7,"minecraft:oak_sapling":2,"minecraft:stone_bricks":6,"minecraft:spider_eye":3,"minecraft:barrel":4,"minecraft:bow":1,"minecraft:stone_pickaxe":1,"minecraft:wooden_pickaxe":1,"minecraft:raw_gold":12,"minecraft:calcite":1,"minecraft:cyan_bed":1,"minecraft:black_wool":3,"minecraft:terracotta":5},"minecraft:killed_by":{"minecraft:wither_skeleton":6,"minecraft:creeper":1,"minecraft:pillager":1,"minecraft:vindicator":3,"minecraft:zombie":1,"minecraft:illusioner":2,"minecraft:husk":1,"minecraft:player":1,"alexsmobs:rocky_roller":1,"minecraft:stray":1,"minecraft:iron_golem":1,"minecraft:skeleton":16},"minecraft:used":{"minecraft:ladder":5,"minecraft:chest":5,"minecraft:shield":89,"minecraft:iron_sword":143,"tombstone:scroll_of_purification":1,"minecraft:player_head":9,"minecraft:carrot":26,"minecraft:obsidian":10,"minecraft:glass":7,"minecraft:spruce_wood":4,"minecraft:stone_bricks":12,"minecraft:item_frame":1,"minecraft:hay_block":1,"minecraft:oak_sapling":2,"minecraft:furnace":2,"minecraft:gray_bed":3,"minecraft:potato":4,"minecraft:dark_oak_stairs":1,"minecraft:oak_planks":294,"minecraft:stone_pickaxe":5,"minecraft:blackstone":55,"minecraft:wooden_pickaxe":12,"minecraft:diamond_axe":305,"minecraft:golden_apple":1,"minecraft:stripped_mangrove_wood":13,"minecraft:sand":24,"minecraft:blast_furnace":2,"minecraft:crossbow":1,"minecraft:bread":38,"minecraft:cyan_bed":7,"minecraft:diamond_sword":1566,"minecraft:grindstone":1,"minecraft:smithing_table":1,"minecraft:andesite":4,"minecraft:oak_boat":1,"minecraft:coarse_dirt":6,"minecraft:bone_meal":69,"minecraft:experience_bottle":10,"minecraft:stripped_acacia_wood":11,"minecraft:enchanting_table":1,"minecraft:stone_sword":2,"minecraft:flint_and_steel":16,"minecraft:spruce_planks":16,"minecraft:oak_door":1,"minecraft:torch":112,"minecraft:brewing_stand":1,"minecraft:dirt":146,"minecraft:anvil":2,"minecraft:wooden_axe":1,"paraglider:horned_statue":1,"minecraft:dark_oak_planks":21,"minecraft:iron_axe":24,"minecraft:oak_stairs":1,"minecraft:smooth_basalt":2,"alexscaves:spelunkery_table":1,"minecraft:golden_carrot":12,"minecraft:goat_horn":1,"tombstone:gift":14,"minecraft:cobbled_deepslate":62,"minecraft:calcite":18,"minecraft:cooked_mutton":28,"minecraft:water_bucket":154,"minecraft:polished_andesite":4,"minecraft:baked_potato":28,"minecraft:stonecutter":2,"minecraft:deepslate_bricks":41,"minecraft:polished_blackstone_bricks":88,"minecraft:terracotta":185,"minecraft:tnt":4,"minecraft:crafting_table":7,"minecraft:spruce_log":2,"minecraft:cake":1,"minecraft:smoker":2,"minecraft:oak_log":1,"tombstone:bag_of_seeds":1,"minecraft:dark_prismarine":2,"minecraft:diamond_pickaxe":1491,"minecraft:diamond_shovel":478,"tombstone:magic_scroll":1,"minecraft:iron_pickaxe":170,"minecraft:leather_helmet":1,"minecraft:spruce_trapdoor":1,"minecraft:stone_axe":1,"minecraft:white_banner":1,"minecraft:cobblestone":61,"minecraft:potion":1,"minecraft:cooked_porkchop":3,"minecraft:bucket":157,"minecraft:pumpkin_pie":8,"minecraft:yellow_bed":2,"alexsmobs:animal_dictionary":2,"minecraft:gray_wool":1},"minecraft:crafted":{"minecraft:grindstone":1,"minecraft:oak_planks":416,"minecraft:oak_sign":15,"minecraft:stone":64,"minecraft:diamond_shovel":1,"paraglider:deku_leaf":1,"minecraft:cooked_mutton":16,"minecraft:glass":12,"minecraft:diamond_helmet":1,"minecraft:diamond_leggings":1,"minecraft:iron_boots":2,"minecraft:chest":3,"minecraft:cooked_porkchop":8,"minecraft:diamond_axe":1,"minecraft:crafting_table":2,"immersive_armors:heavy_chestplate":1,"minecraft:spruce_planks":16,"minecraft:iron_helmet":1,"minecraft:wooden_pickaxe":2,"minecraft:baked_potato":27,"minecraft:iron_chestplate":3,"minecraft:diamond_pickaxe":1,"minecraft:shield":5,"minecraft:stick":112,"minecraft:iron_ingot":57,"minecraft:iron_pickaxe":1,"minecraft:iron_block":10,"minecraft:stone_sword":1,"immersive_armors:heavy_helmet":1,"minecraft:oak_door":3,"minecraft:coal":27,"minecraft:furnace":1,"minecraft:bone_meal":111,"minecraft:iron_axe":1,"minecraft:ladder":9,"minecraft:stone_pickaxe":2,"minecraft:dark_oak_planks":8,"minecraft:diamond_sword":2,"minecraft:enchanting_table":1,"minecraft:iron_sword":1,"minecraft:bucket":3,"minecraft:stone_axe":1,"minecraft:air":0,"minecraft:oak_boat":1,"minecraft:gold_nugget":1,"minecraft:iron_leggings":4,"minecraft:anvil":1,"minecraft:acacia_planks":28,"minecraft:torch":216}},"DataVersion":3465}