{"stats":{"minecraft:broken":{"minecraft:iron_boots":1,"minecraft:iron_chestplate":1,"minecraft:iron_leggings":1,"minecraft:diamond_shovel":1,"minecraft:diamond_pickaxe":1,"minecraft:shield":2,"minecraft:iron_helmet":1},"minecraft:killed":{"minecraft:skeleton":49,"minecraft:chicken":2,"minecraft:skeleton_horse":2,"minecraft:pillager":56,"minecraft:zombie":169,"minecraft:cow":16,"alexsmobs:raccoon":1,"minecraft:vindicator":2,"minecraft:horse":2,"alexsmobs:rocky_roller":1,"minecraft:husk":53,"minecraft:wandering_trader":2,"alexsmobs:catfish":2,"minecraft:enderman":1,"minecraft:witch":1,"minecraft:spider":12,"minecraft:illusioner":2,"alexsmobs:kangaroo":2,"minecraft:pig":12,"minecraft:zombie_villager":1,"minecraft:sheep":11,"minecraft:trader_llama":3,"minecraft:stray":14,"minecraft:slime":5,"minecraft:phantom":5,"alexsmobs:bison":2,"alexsmobs:flying_fish":1,"minecraft:bat":1,"minecraft:hoglin":19,"alexsmobs:cockroach":1,"minecraft:wither_skeleton":32},"minecraft:killed_by":{"minecraft:pillager":1,"minecraft:vindicator":3,"minecraft:zombie":2,"minecraft:husk":1,"alexsmobs:rocky_roller":1,"minecraft:stray":1,"minecraft:wither_skeleton":6,"minecraft:creeper":1,"minecraft:illusioner":2,"minecraft:player":1,"minecraft:iron_golem":1,"minecraft:skeleton":16},"minecraft:crafted":{"minecraft:oak_sign":15,"minecraft:diamond_shovel":2,"paraglider:deku_leaf":1,"minecraft:bookshelf":27,"minecraft:cooked_mutton":16,"minecraft:glass":174,"minecraft:diamond_helmet":1,"minecraft:diamond_leggings":1,"minecraft:emerald":3,"minecraft:cooked_porkchop":8,"minecraft:diamond_axe":1,"minecraft:copper_ingot":6,"minecraft:campfire":1,"minecraft:golden_leggings":2,"minecraft:iron_pickaxe":1,"minecraft:iron_block":10,"minecraft:gold_ingot":15,"immersive_armors:heavy_helmet":1,"minecraft:bone_meal":111,"minecraft:ladder":9,"minecraft:stone_pickaxe":2,"minecraft:dark_oak_planks":44,"minecraft:crossbow":1,"minecraft:enchanting_table":1,"minecraft:enchanted_book":1,"minecraft:iron_leggings":4,"minecraft:grindstone":1,"minecraft:oak_planks":1796,"minecraft:stone":64,"minecraft:iron_boots":2,"minecraft:chest":39,"minecraft:item_frame":19,"minecraft:crafting_table":3,"immersive_armors:heavy_chestplate":1,"minecraft:spruce_planks":16,"minecraft:wooden_pickaxe":2,"minecraft:baked_potato":27,"minecraft:iron_helmet":1,"minecraft:mangrove_trapdoor":50,"minecraft:iron_chestplate":3,"minecraft:diamond_pickaxe":2,"minecraft:shield":5,"minecraft:stick":248,"minecraft:iron_ingot":84,"minecraft:stone_sword":1,"minecraft:deepslate_tile_slab":18,"minecraft:oak_door":6,"minecraft:coal":27,"minecraft:furnace":1,"minecraft:iron_axe":1,"minecraft:diamond_sword":2,"minecraft:iron_sword":5,"minecraft:mangrove_planks":88,"minecraft:bucket":3,"minecraft:stone_axe":1,"minecraft:acacia_boat":1,"minecraft:air":0,"minecraft:oak_boat":1,"minecraft:gold_nugget":1,"minecraft:anvil":1,"minecraft:acacia_planks":28,"minecraft:torch":216},"minecraft:mined":{"minecraft:dark_oak_planks":14,"minecraft:white_bed":1,"minecraft:obsidian":14,"minecraft:granite":1,"minecraft:acacia_log":6,"minecraft:yellow_carpet":1,"minecraft:deepslate_bricks":106,"minecraft:coal_block":3,"minecraft:oak_wall_sign":1,"minecraft:spawner":28,"minecraft:polished_blackstone_bricks":141,"minecraft:magma_block":4,"minecraft:dark_oak_trapdoor":2,"minecraft:cobbled_deepslate":10,"minecraft:barrel":4,"minecraft:fletching_table":1,"minecraft:deepslate_lapis_ore":6,"minecraft:stripped_dark_oak_wood":6,"minecraft:enchanting_table":2,"minecraft:dirt_path":34,"minecraft:oak_stairs":1,"minecraft:spruce_wood":4,"minecraft:stripped_mangrove_wood":5,"minecraft:iron_block":1,"minecraft:white_banner":2,"minecraft:player_head":1,"minecraft:bamboo_slab":3,"minecraft:red_bed":4,"minecraft:player_wall_head":7,"minecraft:smoker":4,"minecraft:deepslate_tile_slab":7,"minecraft:torch":12,"minecraft:blast_furnace":5,"minecraft:polished_andesite_stairs":8,"minecraft:glass":16,"minecraft:cyan_bed":10,"minecraft:amethyst_block":2,"paraglider:horned_statue":1,"minecraft:wheat":37,"minecraft:grass":340,"minecraft:loom":1,"minecraft:smooth_basalt":8,"minecraft:stonecutter":3,"minecraft:deepslate":422,"minecraft:dark_prismarine":2,"minecraft:mossy_cobblestone":18,"minecraft:dark_oak_log":12,"minecraft:spruce_fence":2,"minecraft:jungle_planks":3,"minecraft:black_stained_glass_pane":3,"minecraft:acacia_wood":20,"minecraft:andesite":51,"minecraft:potatoes":15,"minecraft:vine":1,"minecraft:bamboo":1,"minecraft:smithing_table":3,"minecraft:redstone_block":1,"minecraft:stone_brick_slab":2,"minecraft:campfire":1,"minecraft:tall_grass":23,"minecraft:copper_ore":14,"minecraft:deepslate_gold_ore":22,"minecraft:diorite":2,"minecraft:coarse_dirt":8,"minecraft:spruce_log":3,"minecraft:white_carpet":6,"minecraft:birch_leaves":8,"minecraft:sunflower":1,"minecraft:gravel":2,"minecraft:cobweb":9,"minecraft:acacia_planks":7,"minecraft:stone_bricks":18,"minecraft:gold_ore":5,"minecraft:cobblestone_stairs":1,"minecraft:orange_stained_glass":1,"minecraft:brewing_stand":3,"minecraft:spruce_trapdoor":3,"minecraft:grass_block":996,"minecraft:smooth_stone":1,"minecraft:mossy_cobblestone_slab":1,"minecraft:iron_ore":48,"minecraft:anvil":2,"minecraft:iron_bars":5,"minecraft:waxed_cut_copper_stairs":1,"minecraft:deepslate_redstone_ore":4,"minecraft:cyan_terracotta":3,"minecraft:blackstone":1193,"minecraft:clay":2,"minecraft:jungle_stairs":2,"minecraft:calcite":26,"minecraft:chest":29,"minecraft:cobblestone":95,"minecraft:grindstone":2,"minecraft:oak_planks":105,"minecraft:wall_torch":13,"minecraft:cauldron":1,"minecraft:birch_log":18,"minecraft:light_gray_wool":13,"minecraft:smooth_stone_slab":8,"minecraft:oak_log":314,"minecraft:beetroots":1,"minecraft:sand":175,"minecraft:dirt":245,"minecraft:crimson_planks":2,"minecraft:dispenser":1,"minecraft:netherrack":1,"minecraft:polished_deepslate_wall":1,"minecraft:oak_leaves":65,"alexscaves:spelunkery_table":2,"minecraft:tuff":12,"minecraft:dark_oak_leaves":9,"minecraft:deepslate_diamond_ore":40,"minecraft:oak_door":5,"minecraft:red_stained_glass":4,"minecraft:mangrove_roots":4,"minecraft:ladder":4,"minecraft:purple_terracotta":2,"minecraft:white_stained_glass":3,"minecraft:spruce_leaves":4,"minecraft:large_fern":2,"minecraft:hay_block":9,"minecraft:deepslate_brick_slab":1,"minecraft:oak_trapdoor":1,"minecraft:furnace":3,"minecraft:carrots":6,"minecraft:bookshelf":70,"minecraft:deepslate_iron_ore":42,"minecraft:lantern":11,"minecraft:stone":765,"minecraft:acacia_leaves":1,"minecraft:basalt":1,"minecraft:crafting_table":8,"minecraft:oak_fence":7,"minecraft:oak_wood":113,"minecraft:lectern":41,"minecraft:stone_slab":1,"minecraft:lapis_ore":4,"minecraft:spruce_stairs":2,"minecraft:sweet_berry_bush":1,"minecraft:gray_bed":2,"minecraft:yellow_bed":7,"minecraft:potted_azure_bluet":1,"minecraft:coal_ore":82,"minecraft:cyan_carpet":1,"minecraft:cracked_stone_bricks":3,"minecraft:terracotta":385,"minecraft:stripped_acacia_wood":13,"minecraft:polished_andesite":7,"minecraft:mossy_stone_bricks":6},"minecraft:used":{"minecraft:ladder":5,"minecraft:chest":43,"minecraft:deepslate_brick_slab":2,"minecraft:azure_bluet":1,"minecraft:lava_bucket":1,"minecraft:furnace":4,"minecraft:oak_sapling":2,"minecraft:potato":4,"minecraft:blackstone":59,"minecraft:wooden_pickaxe":12,"minecraft:golden_apple":1,"minecraft:stripped_mangrove_wood":25,"minecraft:sand":24,"minecraft:blast_furnace":3,"minecraft:lectern":39,"minecraft:diamond_sword":1910,"minecraft:smithing_table":1,"minecraft:oak_boat":8,"minecraft:stripped_acacia_wood":11,"minecraft:enchanting_table":3,"minecraft:stone_sword":2,"minecraft:torch":176,"minecraft:brewing_stand":3,"minecraft:anvil":3,"minecraft:iron_axe":64,"minecraft:smooth_basalt":2,"minecraft:goat_horn":1,"tombstone:gift":14,"minecraft:cobbled_deepslate":62,"minecraft:calcite":18,"minecraft:water_bucket":171,"minecraft:deepslate_bricks":404,"minecraft:polished_blackstone_bricks":571,"minecraft:tnt":4,"minecraft:crafting_table":10,"minecraft:red_bed":3,"minecraft:campfire":1,"minecraft:cake":1,"minecraft:spruce_log":2,"minecraft:oak_log":5,"minecraft:dark_prismarine":2,"minecraft:diamond_pickaxe":1555,"minecraft:diamond_shovel":1757,"minecraft:iron_pickaxe":170,"tombstone:magic_scroll":2,"minecraft:leather_helmet":1,"minecraft:spruce_trapdoor":1,"minecraft:cobblestone":68,"minecraft:potion":2,"minecraft:cooked_porkchop":31,"minecraft:oak_sign":1,"minecraft:shield":104,"minecraft:iron_sword":143,"tombstone:scroll_of_purification":1,"minecraft:player_head":35,"minecraft:carrot":26,"minecraft:deepslate_tile_slab":14,"minecraft:obsidian":10,"minecraft:glass":153,"minecraft:spruce_wood":4,"minecraft:lantern":7,"minecraft:stone_bricks":12,"minecraft:item_frame":20,"minecraft:hay_block":1,"minecraft:gray_bed":3,"minecraft:dark_oak_stairs":1,"minecraft:stone_pickaxe":5,"minecraft:oak_planks":1244,"minecraft:diamond_axe":871,"minecraft:crossbow":8,"minecraft:cyan_bed":8,"minecraft:bread":46,"tombstone:familiar_stone":6,"minecraft:grindstone":2,"minecraft:andesite":4,"minecraft:coarse_dirt":6,"minecraft:bone_meal":69,"minecraft:experience_bottle":11,"minecraft:flint_and_steel":16,"minecraft:spruce_planks":16,"minecraft:oak_door":10,"minecraft:dirt":547,"minecraft:dark_oak_planks":21,"minecraft:wooden_axe":1,"paraglider:horned_statue":1,"minecraft:bookshelf":25,"minecraft:oak_stairs":1,"alexscaves:spelunkery_table":2,"minecraft:golden_carrot":12,"minecraft:netherite_pickaxe":1970,"minecraft:cooked_mutton":28,"minecraft:acacia_boat":1,"minecraft:polished_andesite":4,"minecraft:baked_potato":28,"minecraft:stonecutter":3,"minecraft:terracotta":185,"minecraft:smoker":3,"tombstone:bag_of_seeds":1,"minecraft:stone_axe":1,"minecraft:white_banner":7,"minecraft:bucket":174,"minecraft:yellow_bed":2,"minecraft:pumpkin_pie":10,"alexsmobs:animal_dictionary":2,"minecraft:gray_wool":1},"minecraft:dropped":{"minecraft:porkchop":2,"minecraft:glass_bottle":3,"minecraft:pitcher_pod":3,"minecraft:crossbow":2,"minecraft:leather_helmet":3,"minecraft:item_frame":1,"minecraft:emerald":28,"immersive_armors:warrior_boots":1,"minecraft:dirt":41,"minecraft:red_bed":1,"minecraft:stone_button":3,"minecraft:dark_oak_trapdoor":2,"alexsmobs:flying_fish":1,"minecraft:stripped_dark_oak_wood":1,"minecraft:chain":1,"minecraft:sand":14,"minecraft:dark_oak_planks":1,"minecraft:white_wool":4,"minecraft:cyan_carpet":1,"minecraft:bone":12,"minecraft:oak_door":2,"minecraft:waxed_cut_copper_stairs":1,"minecraft:goat_horn":1,"alexsmobs:animal_dictionary":1,"minecraft:wheat":10,"minecraft:rotten_flesh":87,"minecraft:oak_planks":2,"minecraft:glowstone_dust":2,"minecraft:salmon":1,"minecraft:tipped_arrow":9,"minecraft:jungle_stairs":1,"minecraft:charcoal":2,"minecraft:acacia_sapling":4,"minecraft:ladder":1,"minecraft:leather_leggings":3,"minecraft:lectern":2,"minecraft:enchanted_book":4,"minecraft:iron_ingot":2,"minecraft:wheat_seeds":149,"minecraft:feather":1,"minecraft:cobblestone":22,"minecraft:apple":4,"minecraft:granite":1,"minecraft:yellow_carpet":1,"minecraft:coal":5,"alexsmobs:raw_catfish":3,"minecraft:golden_apple":1,"minecraft:polished_andesite":1,"minecraft:wooden_axe":2,"minecraft:cooked_salmon":2,"minecraft:potion":3,"minecraft:white_banner":1,"minecraft:smooth_stone":1,"minecraft:string":6,"minecraft:polished_deepslate_wall":1,"minecraft:moss_carpet":19,"minecraft:player_head":1,"minecraft:smooth_stone_slab":4,"minecraft:clay_ball":4,"minecraft:iron_boots":1,"immersive_armors:heavy_chestplate":1,"minecraft:oak_sign":15,"alexscaves:cooked_tripodfish":2,"minecraft:diamond_sword":2,"minecraft:hay_block":4,"minecraft:potato":3,"alexsmobs:cockroach_wing_fragment":1,"minecraft:bundle":3,"minecraft:spruce_planks":4,"minecraft:stone_bricks":6,"minecraft:barrel":4,"minecraft:spider_eye":4,"minecraft:bow":2,"minecraft:cyan_bed":1,"minecraft:black_wool":3,"minecraft:terracotta":5,"minecraft:gold_ore":5,"minecraft:oak_log":17,"minecraft:ender_pearl":1,"alexsmobs:rocky_shell":1,"minecraft:leather":7,"minecraft:jungle_planks":3,"alexsmobs:bison_fur":2,"minecraft:cyan_terracotta":3,"minecraft:dark_oak_log":2,"minecraft:blackstone":67,"minecraft:pointed_dripstone":1,"minecraft:beetroot":2,"minecraft:diamond_shovel":1,"minecraft:honey_bottle":1,"minecraft:carrot":2,"minecraft:leather_chestplate":3,"minecraft:turtle_helmet":1,"minecraft:beetroot_seeds":8,"minecraft:arrow":54,"minecraft:oak_leaves":2,"minecraft:mossy_cobblestone":1,"minecraft:lead":1,"minecraft:stick":16,"minecraft:diorite":1,"tombstone:magic_scroll":2,"minecraft:torch":136,"tombstone:grave_key":1,"minecraft:brown_wool":1,"minecraft:map":4,"tombstone:grave_dust":5,"minecraft:iron_leggings":2,"minecraft:polished_andesite_stairs":5,"minecraft:redstone_block":2,"minecraft:smooth_basalt":3,"minecraft:coarse_dirt":1,"minecraft:tuff":7,"minecraft:raw_iron":2,"minecraft:light_gray_wool":9,"minecraft:filled_map":1,"immersive_armors:heavy_helmet":1,"minecraft:shield":1,"minecraft:iron_chestplate":2,"minecraft:andesite":51,"minecraft:mossy_stone_bricks":7,"minecraft:oak_sapling":8,"minecraft:stone_pickaxe":1,"minecraft:wooden_pickaxe":1,"minecraft:raw_gold":12,"minecraft:calcite":6},"minecraft:picked_up":{"minecraft:wooden_axe":4,"minecraft:iron_chestplate":1,"minecraft:flower_pot":2,"minecraft:anvil":3,"minecraft:lead":11,"minecraft:smithing_table":2,"minecraft:stone_slab":3,"minecraft:diamond_sword":4,"minecraft:oak_stairs":2,"minecraft:enchanted_book":17,"minecraft:brewing_stand":3,"minecraft:golden_sword":2,"minecraft:polished_deepslate_wall":1,"minecraft:amethyst_block":2,"minecraft:music_disc_cat":1,"minecraft:string":25,"minecraft:dark_oak_trapdoor":4,"minecraft:cooked_salmon":2,"paraglider:deku_leaf":1,"minecraft:beetroot":2,"minecraft:gold_nugget":1,"minecraft:cobbled_deepslate":467,"minecraft:spruce_planks":4,"minecraft:enchanted_golden_apple":1,"minecraft:coal_block":3,"minecraft:acacia_log":7,"minecraft:golden_axe":1,"minecraft:cauldron":2,"minecraft:waxed_cut_copper_stairs":1,"minecraft:honey_bottle":1,"minecraft:iron_block":1,"minecraft:cyan_terracotta":6,"minecraft:iron_bars":3,"alexsmobs:flying_fish":2,"minecraft:birch_log":17,"minecraft:cooked_beef":4,"immersive_armors:heavy_helmet":1,"minecraft:feather":1,"minecraft:water_bucket":1,"minecraft:brown_wool":2,"minecraft:smoker":4,"alexsmobs:bison_fur":4,"minecraft:map":26,"minecraft:lantern":14,"minecraft:stonecutter":5,"minecraft:dark_oak_sign":2,"minecraft:diamond_helmet":1,"minecraft:glowstone_dust":2,"minecraft:honeycomb":9,"minecraft:stripped_acacia_wood":31,"minecraft:acacia_stairs":4,"alexsmobs:animal_dictionary":3,"minecraft:dark_oak_log":14,"minecraft:barrel":4,"minecraft:bundle":10,"minecraft:polished_andesite":10,"minecraft:dispenser":1,"minecraft:granite":1,"minecraft:golden_horse_armor":1,"minecraft:bread":145,"minecraft:diamond_pickaxe":1,"minecraft:crafting_table":9,"minecraft:coarse_dirt":14,"minecraft:clay_ball":68,"minecraft:leather_leggings":3,"minecraft:red_bed":10,"minecraft:flint_and_steel":1,"minecraft:netherite_scrap":2,"minecraft:iron_shovel":1,"minecraft:cracked_stone_bricks":2,"minecraft:cartography_table":1,"minecraft:netherite_sword":2,"minecraft:beef":70,"minecraft:iron_nugget":11,"minecraft:poppy":3,"minecraft:spruce_slab":1,"minecraft:chest":28,"minecraft:birch_sapling":1,"minecraft:stone":62,"minecraft:oak_door":12,"minecraft:spruce_fence":2,"minecraft:fire_charge":1,"minecraft:cake":1,"minecraft:carrot":24,"minecraft:redstone":64,"minecraft:netherite_pickaxe":1,"minecraft:beetroot_seeds":8,"minecraft:deepslate_bricks":167,"minecraft:diamond_boots":5,"minecraft:hay_block":11,"minecraft:gold_ingot":10,"minecraft:glow_berries":16,"minecraft:mutton":42,"minecraft:white_wool":40,"minecraft:acacia_wood":22,"minecraft:filled_map":2,"minecraft:oak_log":366,"minecraft:paper":156,"tombstone:gift":1,"minecraft:white_banner":7,"immersive_armors:heavy_chestplate":1,"minecraft:apple":80,"minecraft:stone_bricks":18,"alexsmobs:cockroach_wing_fragment":1,"minecraft:stone_pickaxe":4,"tombstone:bag_of_seeds":5,"minecraft:tall_grass":1,"minecraft:glass_bottle":1,"minecraft:mangrove_planks":64,"minecraft:gray_bed":4,"minecraft:iron_sword":13,"minecraft:dark_oak_stairs":1,"minecraft:polished_andesite_stairs":11,"minecraft:smooth_basalt":7,"minecraft:torchflower_seeds":5,"minecraft:gravel":20,"minecraft:spruce_log":2,"minecraft:leather_helmet":4,"minecraft:oak_wood":160,"minecraft:diamond_shovel":1,"minecraft:slime_ball":46,"minecraft:rib_armor_trim_smithing_template":1,"minecraft:diamond_axe":1,"minecraft:gray_wool":1,"minecraft:baked_potato":19,"minecraft:ender_pearl":6,"minecraft:wheat":19,"minecraft:redstone_block":3,"minecraft:sentry_armor_trim_smithing_template":2,"alexscaves:cave_tablet":18,"minecraft:potion":4,"minecraft:crimson_planks":1,"minecraft:raw_copper":53,"minecraft:smooth_stone_slab":9,"minecraft:armor_stand":3,"minecraft:iron_leggings":1,"minecraft:experience_bottle":1,"minecraft:oak_sign":15,"minecraft:smooth_stone":2,"minecraft:calcite":31,"minecraft:iron_pickaxe":1,"alexsmobs:raccoon_tail":1,"minecraft:iron_boots":2,"minecraft:furnace":3,"minecraft:tipped_arrow":27,"minecraft:stick":15,"minecraft:birch_trapdoor":1,"minecraft:oak_fence":6,"minecraft:torch":172,"minecraft:spruce_stairs":2,"minecraft:porkchop":89,"minecraft:pointed_dripstone":3,"tombstone:grave_dust":63,"minecraft:diorite":2,"minecraft:goat_horn":1,"minecraft:rotten_flesh":378,"minecraft:mangrove_roots":6,"minecraft:obsidian":27,"minecraft:cod":12,"minecraft:cobblestone":898,"paraglider:paraglider":2,"minecraft:enchanting_table":2,"minecraft:leather_chestplate":4,"minecraft:andesite":96,"minecraft:golden_leggings":4,"minecraft:potato":35,"paraglider:spirit_orb":96,"alexscaves:cave_book":1,"minecraft:tuff":18,"minecraft:dirt":1237,"alexsmobs:rocky_shell":2,"minecraft:lapis_lazuli":88,"minecraft:name_tag":3,"minecraft:bone":280,"minecraft:acacia_planks":20,"minecraft:bow":4,"minecraft:wheat_seeds":189,"minecraft:deepslate_brick_slab":1,"minecraft:raw_gold":39,"minecraft:grindstone":3,"minecraft:fletching_table":1,"minecraft:mossy_stone_bricks":9,"minecraft:cyan_candle":44,"minecraft:bamboo":1,"minecraft:oak_planks":163,"minecraft:cooked_porkchop":18,"minecraft:music_disc_13":1,"minecraft:sand":221,"minecraft:jungle_planks":3,"minecraft:cyan_bed":14,"minecraft:mossy_cobblestone":9,"minecraft:dark_prismarine":2,"minecraft:yellow_carpet":1,"minecraft:diamond":49,"minecraft:crossbow":7,"minecraft:bone_meal":42,"minecraft:grass":3,"minecraft:golden_apple":1,"minecraft:emerald":149,"minecraft:oak_sapling":47,"minecraft:oak_leaves":2,"minecraft:charcoal":4,"minecraft:azure_bluet":2,"minecraft:chicken":4,"minecraft:ladder":12,"minecraft:turtle_helmet":2,"minecraft:wooden_pickaxe":1,"minecraft:diamond_horse_armor":2,"minecraft:chain":1,"immersive_armors:warrior_boots":2,"minecraft:oak_trapdoor":1,"minecraft:moss_carpet":33,"minecraft:iron_axe":2,"alexscaves:cooked_tripodfish":2,"minecraft:item_frame":5,"minecraft:blackstone":1409,"minecraft:cyan_carpet":2,"minecraft:oak_boat":8,"minecraft:player_head":46,"minecraft:light_gray_wool":18,"minecraft:lectern":42,"minecraft:spruce_trapdoor":3,"minecraft:phantom_membrane":5,"minecraft:stripped_mangrove_wood":130,"minecraft:raw_iron":80,"minecraft:note_block":2,"minecraft:polished_blackstone_bricks":201,"minecraft:stone_button":6,"minecraft:iron_horse_armor":2,"minecraft:purple_terracotta":2,"minecraft:dark_oak_planks":40,"minecraft:purple_candle":3,"minecraft:arrow":147,"minecraft:golden_hoe":1,"minecraft:pumpkin_pie":2,"minecraft:jungle_stairs":2,"alexscaves:spelunkery_table":5,"minecraft:stripped_dark_oak_wood":6,"minecraft:saddle":3,"minecraft:glistering_melon_slice":4,"paraglider:horned_statue":2,"minecraft:netherite_boots":1,"minecraft:basalt":2,"minecraft:glow_ink_sac":2,"minecraft:salmon":1,"minecraft:leather":51,"alexsmobs:cachalot_whale_tooth":1,"minecraft:yellow_bed":4,"minecraft:gunpowder":50,"minecraft:deepslate_tile_slab":6,"minecraft:cooked_mutton":10,"minecraft:gray_carpet":1,"minecraft:spruce_wood":8,"minecraft:iron_ingot":15,"minecraft:cooked_chicken":2,"minecraft:acacia_sapling":4,"minecraft:book":230,"minecraft:blast_furnace":6,"minecraft:white_bed":1,"minecraft:gold_ore":5,"minecraft:spider_eye":19,"alexsmobs:raw_catfish":3,"minecraft:iron_helmet":3,"minecraft:terracotta":517,"tombstone:magic_scroll":12,"minecraft:black_wool":6,"minecraft:coal":201},"minecraft:custom":{"minecraft:interact_with_crafting_table":89,"minecraft:open_barrel":37,"minecraft:eat_cake_slice":21,"minecraft:leave_game":11,"minecraft:time_since_death":79928,"minecraft:damage_blocked_by_shield":7258,"minecraft:play_time":961711,"minecraft:deaths":38,"minecraft:jump":10983,"minecraft:enchant_item":1,"minecraft:interact_with_furnace":36,"minecraft:traded_with_villager":5,"minecraft:sleep_in_bed":26,"tombstone:sneak_grave":2,"minecraft:damage_dealt":113508,"tombstone:undead_killed":325,"minecraft:interact_with_smoker":19,"minecraft:inspect_dispenser":1,"minecraft:interact_with_smithing_table":5,"minecraft:interact_with_anvil":19,"minecraft:sneak_time":28948,"minecraft:interact_with_blast_furnace":31,"minecraft:total_world_time":961711,"tombstone:raider_killed":66,"minecraft:tune_noteblock":22,"minecraft:interact_with_stonecutter":9,"minecraft:time_since_rest":4213,"tombstone:cast_on_ally":0,"minecraft:swim_one_cm":315653,"minecraft:fly_one_cm":2644855,"minecraft:open_chest":875,"minecraft:fall_one_cm":181941,"minecraft:damage_resisted":23,"minecraft:sprint_one_cm":2910029,"minecraft:drop":354,"minecraft:talked_to_villager":104,"minecraft:walk_on_water_one_cm":205427,"minecraft:interact_with_loom":3,"minecraft:crouch_one_cm":90622,"tombstone:villager_killed":2,"minecraft:mob_kills":514,"minecraft:damage_dealt_resisted":9869,"minecraft:climb_one_cm":21132,"minecraft:walk_one_cm":3248480,"minecraft:walk_under_water_one_cm":112722,"minecraft:boat_one_cm":173129,"minecraft:raid_trigger":1,"minecraft:interact_with_grindstone":4,"minecraft:damage_taken":24737,"minecraft:damage_absorbed":46}},"DataVersion":3465}