{"stats":{"minecraft:dropped":{"minecraft:wheat_seeds":81,"minecraft:crossbow":1,"minecraft:leather":3,"minecraft:stick":3,"minecraft:dirt":11,"minecraft:stone_button":3,"tombstone:grave_key":1,"minecraft:stripped_dark_oak_wood":1,"minecraft:dark_oak_planks":1,"minecraft:white_wool":2,"minecraft:redstone_block":2,"minecraft:bone":4,"minecraft:oak_door":2,"minecraft:goat_horn":1,"alexsmobs:animal_dictionary":1,"minecraft:smooth_stone_slab":2,"minecraft:wheat":7,"minecraft:beetroot":2,"minecraft:rotten_flesh":1,"minecraft:oak_planks":2,"minecraft:filled_map":1,"minecraft:beetroot_seeds":6,"minecraft:andesite":1,"minecraft:stone_pickaxe":1,"minecraft:wooden_pickaxe":1,"minecraft:calcite":1,"minecraft:cyan_bed":1},"minecraft:picked_up":{"minecraft:crafting_table":4,"minecraft:wheat":9,"minecraft:redstone_block":3,"minecraft:ladder":1,"minecraft:wooden_pickaxe":1,"minecraft:string":2,"minecraft:smooth_stone_slab":4,"minecraft:item_frame":1,"minecraft:experience_bottle":1,"minecraft:beetroot":2,"minecraft:player_head":1,"minecraft:calcite":1,"minecraft:coal_block":3,"minecraft:raw_iron":2,"minecraft:stick":3,"minecraft:stripped_mangrove_wood":37,"minecraft:oak_door":4,"minecraft:porkchop":8,"minecraft:stone_button":6,"tombstone:grave_dust":5,"minecraft:carrot":21,"minecraft:redstone":3,"minecraft:goat_horn":1,"minecraft:dark_oak_planks":2,"minecraft:arrow":9,"minecraft:rotten_flesh":2,"minecraft:beetroot_seeds":6,"minecraft:iron_block":1,"minecraft:stripped_dark_oak_wood":3,"paraglider:horned_statue":2,"minecraft:mutton":11,"minecraft:white_wool":6,"minecraft:cobblestone":20,"minecraft:andesite":2,"minecraft:leather":4,"minecraft:potato":19,"minecraft:filled_map":1,"minecraft:oak_log":55,"minecraft:dirt":1,"minecraft:bone":8,"minecraft:stonecutter":2,"minecraft:wheat_seeds":89,"minecraft:gray_bed":3,"minecraft:oak_planks":7,"minecraft:book":60,"minecraft:blast_furnace":2,"minecraft:white_bed":1,"minecraft:cyan_bed":1,"alexsmobs:animal_dictionary":1,"minecraft:oak_wood":25,"minecraft:gray_wool":1,"minecraft:bread":16,"minecraft:emerald":4,"minecraft:coal":3},"minecraft:custom":{"minecraft:mob_kills":26,"minecraft:interact_with_crafting_table":15,"minecraft:open_barrel":7,"minecraft:leave_game":2,"minecraft:time_since_death":8066,"minecraft:climb_one_cm":4570,"minecraft:sprint_one_cm":481045,"minecraft:walk_one_cm":308510,"minecraft:damage_blocked_by_shield":1095,"minecraft:drop":83,"minecraft:talked_to_villager":1,"minecraft:play_time":71063,"minecraft:deaths":14,"minecraft:sneak_time":1565,"minecraft:walk_under_water_one_cm":285,"minecraft:jump":1315,"minecraft:walk_on_water_one_cm":2808,"minecraft:total_world_time":71063,"minecraft:interact_with_furnace":2,"tombstone:raider_killed":3,"minecraft:sleep_in_bed":3,"minecraft:time_since_rest":6170,"minecraft:damage_taken":5395,"tombstone:sneak_grave":2,"minecraft:damage_dealt":4867,"minecraft:swim_one_cm":3146,"minecraft:fly_one_cm":386863,"minecraft:open_chest":12,"minecraft:crouch_one_cm":7304,"tombstone:undead_killed":7,"minecraft:fall_one_cm":32402},"minecraft:killed":{"minecraft:horse":1,"minecraft:skeleton":5,"minecraft:husk":2,"minecraft:pig":5,"minecraft:sheep":4,"minecraft:pillager":3,"minecraft:cow":6},"minecraft:crafted":{"minecraft:oak_planks":152,"minecraft:iron_axe":1,"minecraft:stone_pickaxe":2,"minecraft:dark_oak_planks":8,"minecraft:crafting_table":1,"minecraft:wooden_pickaxe":2,"minecraft:iron_sword":1,"minecraft:stone_axe":1,"minecraft:shield":1,"minecraft:stick":20,"minecraft:iron_ingot":9,"minecraft:iron_pickaxe":1,"minecraft:stone_sword":1},"minecraft:used":{"minecraft:stone_sword":2,"minecraft:ladder":1,"minecraft:shield":12,"minecraft:iron_sword":122,"minecraft:carrot":12,"minecraft:dark_oak_planks":9,"minecraft:iron_axe":24,"minecraft:item_frame":1,"minecraft:goat_horn":1,"minecraft:gray_bed":2,"tombstone:gift":5,"minecraft:potato":1,"minecraft:stone_pickaxe":5,"minecraft:wooden_pickaxe":12,"minecraft:stripped_mangrove_wood":13,"minecraft:crafting_table":3,"minecraft:blast_furnace":2,"minecraft:bread":3,"minecraft:iron_pickaxe":28,"minecraft:leather_helmet":1,"minecraft:stone_axe":1,"minecraft:cobblestone":5,"alexsmobs:animal_dictionary":2,"minecraft:gray_wool":1,"minecraft:experience_bottle":3},"minecraft:mined":{"minecraft:dark_oak_planks":2,"minecraft:white_bed":1,"minecraft:grass_block":2,"minecraft:coal_block":3,"minecraft:spawner":1,"minecraft:black_stained_glass_pane":2,"minecraft:carrots":6,"minecraft:iron_ore":2,"minecraft:andesite":1,"minecraft:stripped_dark_oak_wood":3,"minecraft:bookshelf":20,"minecraft:potatoes":11,"minecraft:iron_block":1,"minecraft:stone":17,"minecraft:redstone_block":1,"minecraft:stone_brick_slab":2,"minecraft:oak_fence":1,"minecraft:crafting_table":4,"minecraft:blast_furnace":2,"minecraft:calcite":1,"minecraft:polished_andesite_stairs":1,"minecraft:stone_slab":1,"minecraft:tall_grass":5,"minecraft:cobblestone":3,"minecraft:oak_planks":4,"minecraft:diorite":1,"paraglider:horned_statue":1,"minecraft:wheat":2,"minecraft:gray_bed":2,"minecraft:white_carpet":6,"minecraft:smooth_stone_slab":1,"minecraft:grass":8,"minecraft:oak_log":8,"minecraft:beetroots":1,"minecraft:sunflower":1,"minecraft:stonecutter":1,"minecraft:oak_leaves":2},"minecraft:killed_by":{"minecraft:player":1,"minecraft:pillager":1,"minecraft:iron_golem":1,"minecraft:vindicator":1,"minecraft:skeleton":9}},"DataVersion":3465}