{"stats":{"minecraft:dropped":{"minecraft:cooked_beef":1,"minecraft:dirt":1,"minecraft:stripped_dark_oak_wood":2,"paraglider:paraglider":3},"minecraft:picked_up":{"paraglider:paraglider":1,"minecraft:charcoal":10,"minecraft:crafting_table":3,"minecraft:cooked_beef":6,"minecraft:chicken":2,"minecraft:leather":10,"minecraft:golden_leggings":1,"minecraft:acacia_wood":2,"minecraft:potato":13,"minecraft:enchanted_book":2,"paraglider:spirit_orb":4,"minecraft:oak_log":7,"minecraft:shield":1,"paraglider:goddess_statue":3,"minecraft:dirt":4,"minecraft:string":1,"tombstone:gift":1,"minecraft:lantern":1,"minecraft:cooked_mutton":1,"minecraft:experience_bottle":1,"minecraft:bone":9,"minecraft:apple":1,"minecraft:gray_carpet":1,"minecraft:beef":3,"minecraft:stone_pickaxe":2,"minecraft:calcite":1,"minecraft:cyan_candle":32,"minecraft:iron_sword":2,"minecraft:oak_planks":2,"minecraft:iron_boots":1,"minecraft:raw_iron":4,"minecraft:stripped_mangrove_wood":73,"minecraft:cooked_porkchop":3,"minecraft:sweet_berries":2,"minecraft:torch":2,"minecraft:dandelion":1,"minecraft:porkchop":8,"minecraft:stone_button":5,"tombstone:grave_dust":1,"minecraft:cyan_bed":2,"alexsmobs:animal_dictionary":1,"minecraft:dark_oak_log":2,"minecraft:golden_chestplate":1,"minecraft:stone_sword":2,"minecraft:arrow":17,"minecraft:rotten_flesh":9,"minecraft:hay_block":1,"minecraft:stripped_dark_oak_wood":3,"minecraft:golden_apple":1,"minecraft:spruce_sign":5,"minecraft:bread":28,"paraglider:horned_statue":2,"minecraft:mutton":1,"minecraft:cobblestone":10},"minecraft:custom":{"minecraft:interact_with_furnace":12,"minecraft:mob_kills":16,"tombstone:raider_killed":3,"minecraft:interact_with_crafting_table":13,"minecraft:open_barrel":15,"minecraft:leave_game":3,"minecraft:time_since_death":16636,"minecraft:sleep_in_bed":6,"minecraft:climb_one_cm":3233,"minecraft:time_since_rest":6080,"minecraft:sprint_one_cm":262876,"minecraft:damage_taken":3098,"minecraft:walk_one_cm":239964,"minecraft:drop":7,"minecraft:damage_dealt":2198,"minecraft:swim_one_cm":3928,"minecraft:talked_to_villager":1,"minecraft:fly_one_cm":199823,"minecraft:player_kills":1,"minecraft:open_chest":12,"minecraft:crouch_one_cm":823,"minecraft:play_time":68121,"tombstone:undead_killed":9,"minecraft:deaths":7,"minecraft:sneak_time":374,"minecraft:walk_under_water_one_cm":971,"minecraft:jump":811,"minecraft:walk_on_water_one_cm":2715,"minecraft:total_world_time":68121,"minecraft:fall_one_cm":16147},"minecraft:killed":{"minecraft:husk":1,"minecraft:pig":1,"minecraft:vindicator":1,"minecraft:horse":1,"minecraft:skeleton":8,"minecraft:pillager":2,"minecraft:cow":2},"minecraft:used":{"minecraft:cooked_mutton":1,"minecraft:stone_sword":104,"minecraft:stone_pickaxe":12,"minecraft:baked_potato":8,"minecraft:oak_planks":5,"minecraft:wooden_pickaxe":9,"minecraft:cooked_chicken":2,"paraglider:goddess_statue":1,"minecraft:white_wool":9,"minecraft:torch":1,"minecraft:stripped_mangrove_wood":23,"minecraft:dirt":3,"minecraft:crafting_table":4,"minecraft:carrot":5,"minecraft:apple":1,"minecraft:lantern":1,"minecraft:cyan_bed":1,"minecraft:stone_button":5,"minecraft:stone_axe":15,"minecraft:cobblestone":2,"minecraft:hay_block":1,"minecraft:sweet_berries":2,"tombstone:gift":4,"minecraft:experience_bottle":1},"minecraft:crafted":{"paraglider:paraglider":3,"minecraft:oak_planks":28,"minecraft:crafting_table":1,"minecraft:cooked_chicken":2,"minecraft:baked_potato":13,"minecraft:wooden_pickaxe":1,"minecraft:stone_axe":1,"minecraft:cooked_mutton":1,"minecraft:air":0,"minecraft:stick":16,"minecraft:stone_pickaxe":1,"minecraft:stone_sword":1,"minecraft:acacia_planks":8,"minecraft:dark_oak_planks":4},"minecraft:broken":{"minecraft:stone_axe":1},"minecraft:mined":{"minecraft:dandelion":1,"minecraft:torch":1,"minecraft:crafting_table":3,"minecraft:campfire":3,"minecraft:cyan_bed":1,"minecraft:oak_planks":1,"minecraft:spawner":1,"minecraft:hay_block":1,"minecraft:iron_ore":4,"paraglider:horned_statue":1,"minecraft:acacia_wood":2,"minecraft:stripped_dark_oak_wood":3,"minecraft:grass":3,"minecraft:oak_log":8,"minecraft:dirt":2,"minecraft:gray_carpet":1,"minecraft:cobweb":1,"minecraft:stone":10,"minecraft:cyan_candle":11,"minecraft:oak_leaves":3,"paraglider:goddess_statue":2},"minecraft:killed_by":{"minecraft:skeleton":7}},"DataVersion":3465}