{"stats":{"minecraft:dropped":{"minecraft:enchanted_book":1,"minecraft:cooked_beef":1,"minecraft:coal":4,"minecraft:dirt":1,"minecraft:stripped_dark_oak_wood":2,"minecraft:pumpkin_pie":2,"paraglider:paraglider":4,"minecraft:oak_door":2,"minecraft:blackstone":48,"minecraft:cobbled_deepslate":5,"minecraft:charcoal":4,"minecraft:cake":1},"minecraft:picked_up":{"minecraft:charcoal":14,"minecraft:crafting_table":5,"minecraft:bee_nest":2,"minecraft:wheat":9,"minecraft:chicken":2,"minecraft:potion":1,"minecraft:enchanted_book":9,"minecraft:shield":1,"minecraft:string":4,"paraglider:goddess_statue":3,"minecraft:iron_axe":1,"minecraft:experience_bottle":1,"minecraft:blackstone":48,"minecraft:cobbled_deepslate":5,"minecraft:beef":3,"minecraft:calcite":1,"minecraft:iron_pickaxe":1,"minecraft:iron_boots":1,"minecraft:tipped_arrow":5,"minecraft:raw_iron":38,"minecraft:stick":10,"minecraft:stripped_mangrove_wood":113,"minecraft:torch":19,"minecraft:porkchop":16,"minecraft:cake":1,"minecraft:honeycomb_block":11,"minecraft:stone_button":5,"tombstone:grave_dust":1,"minecraft:carrot":70,"minecraft:golden_chestplate":1,"minecraft:honey_bottle":14,"minecraft:stone_sword":2,"minecraft:arrow":31,"minecraft:rotten_flesh":16,"minecraft:beetroot_seeds":3,"minecraft:hay_block":1,"minecraft:stripped_dark_oak_wood":3,"minecraft:glistering_melon_slice":8,"paraglider:horned_statue":2,"minecraft:mutton":1,"minecraft:cobblestone":10,"paraglider:paraglider":2,"minecraft:cooked_beef":6,"minecraft:andesite":25,"minecraft:leather":10,"minecraft:golden_leggings":1,"minecraft:acacia_wood":2,"minecraft:potato":55,"paraglider:spirit_orb":4,"minecraft:oak_log":19,"minecraft:yellow_bed":2,"minecraft:gunpowder":2,"minecraft:dirt":228,"minecraft:lantern":1,"tombstone:gift":1,"minecraft:cooked_mutton":1,"minecraft:bone":22,"minecraft:apple":7,"minecraft:gray_carpet":1,"minecraft:wheat_seeds":39,"minecraft:raw_gold":1,"minecraft:iron_ingot":9,"minecraft:stone_pickaxe":2,"tombstone:bag_of_seeds":1,"minecraft:cyan_candle":32,"minecraft:bamboo":119,"minecraft:pitcher_pod":3,"minecraft:oak_planks":2,"minecraft:iron_sword":3,"minecraft:cooked_porkchop":3,"minecraft:sweet_berries":2,"minecraft:dandelion":1,"minecraft:raw_iron_block":1,"minecraft:sand":1,"minecraft:cyan_bed":3,"alexsmobs:animal_dictionary":1,"minecraft:dark_oak_log":2,"minecraft:spider_eye":1,"minecraft:pumpkin_seeds":1,"minecraft:diamond":12,"minecraft:honey_block":4,"minecraft:golden_apple":2,"minecraft:spruce_sign":5,"minecraft:bread":28,"minecraft:melon_seeds":1,"tombstone:magic_scroll":1,"minecraft:oak_sapling":6,"minecraft:coal":14},"minecraft:custom":{"minecraft:mob_kills":41,"minecraft:interact_with_crafting_table":32,"minecraft:open_barrel":16,"minecraft:damage_dealt_resisted":60,"minecraft:eat_cake_slice":10,"minecraft:leave_game":5,"minecraft:time_since_death":34593,"minecraft:climb_one_cm":3233,"minecraft:sprint_one_cm":589406,"minecraft:walk_one_cm":613969,"minecraft:drop":74,"minecraft:talked_to_villager":2,"minecraft:play_time":196761,"minecraft:deaths":10,"minecraft:sneak_time":4382,"minecraft:walk_under_water_one_cm":16013,"minecraft:jump":1928,"minecraft:interact_with_blast_furnace":8,"minecraft:walk_on_water_one_cm":81757,"minecraft:total_world_time":196761,"minecraft:interact_with_furnace":25,"tombstone:raider_killed":3,"minecraft:sleep_in_bed":13,"minecraft:time_since_rest":1387,"minecraft:damage_taken":4652,"minecraft:damage_dealt":5611,"minecraft:fly_one_cm":460145,"minecraft:swim_one_cm":12195,"minecraft:player_kills":1,"minecraft:open_chest":87,"minecraft:crouch_one_cm":13378,"tombstone:undead_killed":21,"minecraft:interact_with_smoker":6,"minecraft:fall_one_cm":26617},"minecraft:killed":{"minecraft:vindicator":1,"minecraft:spider":2,"minecraft:horse":1,"minecraft:skeleton":10,"minecraft:skeleton_horse":1,"minecraft:husk":1,"minecraft:pig":1,"minecraft:creeper":2,"minecraft:pillager":2,"minecraft:zombie":6,"minecraft:stray":3,"minecraft:cow":2},"minecraft:used":{"minecraft:stone_sword":180,"minecraft:iron_shovel":120,"minecraft:chest":8,"minecraft:iron_sword":3,"minecraft:cooked_chicken":2,"minecraft:torch":35,"paraglider:goddess_statue":2,"minecraft:dirt":221,"minecraft:carrot":76,"minecraft:iron_hoe":185,"paraglider:horned_statue":1,"minecraft:lava_bucket":2,"minecraft:lantern":1,"minecraft:iron_axe":47,"minecraft:melon_seeds":5,"minecraft:bamboo":119,"minecraft:hay_block":1,"minecraft:sweet_berries":2,"minecraft:oak_sapling":9,"tombstone:gift":8,"minecraft:potato":79,"minecraft:cooked_beef":7,"minecraft:wheat_seeds":35,"minecraft:cooked_mutton":2,"minecraft:water_bucket":86,"minecraft:stone_pickaxe":73,"minecraft:baked_potato":13,"minecraft:oak_planks":5,"minecraft:wooden_pickaxe":9,"minecraft:white_wool":9,"minecraft:stripped_mangrove_wood":47,"minecraft:pitcher_pod":5,"minecraft:crafting_table":5,"minecraft:pumpkin_seeds":3,"minecraft:cake":5,"tombstone:bag_of_seeds":2,"alexsmobs:terrapin_bucket":3,"minecraft:apple":1,"minecraft:bread":4,"minecraft:cyan_bed":3,"minecraft:iron_pickaxe":57,"minecraft:stone_button":5,"tombstone:grave_key":1,"minecraft:stone_axe":15,"minecraft:cobblestone":2,"minecraft:andesite":25,"minecraft:bucket":92,"minecraft:yellow_bed":2,"minecraft:experience_bottle":1},"minecraft:crafted":{"minecraft:oak_planks":76,"minecraft:raw_iron":9,"minecraft:cooked_chicken":2,"minecraft:cooked_mutton":1,"minecraft:iron_hoe":1,"minecraft:stone_pickaxe":2,"minecraft:chest":8,"minecraft:dark_oak_planks":4,"minecraft:cooked_beef":3,"paraglider:paraglider":4,"minecraft:crafting_table":2,"minecraft:wooden_pickaxe":1,"minecraft:baked_potato":13,"minecraft:iron_helmet":1,"minecraft:iron_sword":1,"minecraft:mangrove_planks":8,"minecraft:bucket":1,"minecraft:stone_axe":1,"minecraft:air":0,"minecraft:stick":28,"minecraft:iron_ingot":87,"minecraft:iron_pickaxe":2,"minecraft:stone_sword":1,"minecraft:iron_shovel":1,"minecraft:acacia_planks":8,"minecraft:torch":24},"minecraft:broken":{"minecraft:stone_sword":1,"minecraft:stone_axe":1,"minecraft:golden_chestplate":1},"minecraft:mined":{"minecraft:attached_melon_stem":1,"minecraft:deepslate_diamond_ore":11,"minecraft:grass_block":174,"minecraft:spawner":1,"minecraft:hay_block":1,"minecraft:raw_iron_block":1,"minecraft:iron_ore":32,"minecraft:acacia_wood":2,"minecraft:andesite":25,"minecraft:stripped_dark_oak_wood":3,"minecraft:potatoes":8,"minecraft:deepslate_iron_ore":6,"minecraft:bamboo_sapling":1,"minecraft:bamboo":42,"minecraft:stone":10,"minecraft:stripped_mangrove_wood":8,"minecraft:blackstone":31,"minecraft:dandelion":1,"minecraft:crafting_table":4,"minecraft:torch":8,"minecraft:campfire":3,"minecraft:tall_grass":3,"minecraft:cyan_bed":2,"minecraft:deepslate_gold_ore":3,"minecraft:oak_planks":1,"minecraft:wall_torch":7,"paraglider:horned_statue":1,"minecraft:grass":104,"minecraft:oak_log":20,"minecraft:coal_ore":5,"minecraft:pitcher_crop":3,"minecraft:sand":1,"minecraft:dirt":12,"minecraft:gray_carpet":1,"minecraft:cobweb":1,"minecraft:oak_leaves":20,"minecraft:cyan_candle":11,"minecraft:deepslate":5,"paraglider:goddess_statue":2},"minecraft:killed_by":{"minecraft:stray":1,"minecraft:skeleton":8,"minecraft:illusioner":1}},"DataVersion":3465}