{"stats":{"minecraft:mined":{"minecraft:attached_melon_stem":5,"minecraft:granite":1,"minecraft:grass_block":174,"minecraft:jungle_log":11,"minecraft:spawner":8,"minecraft:raw_iron_block":1,"minecraft:iron_ore":53,"minecraft:stripped_dark_oak_wood":3,"minecraft:oak_sign":1,"minecraft:oak_stairs":1,"minecraft:stripped_mangrove_wood":8,"minecraft:player_head":9,"minecraft:blackstone":118,"minecraft:amethyst_cluster":1,"minecraft:torch":11,"minecraft:note_block":2,"minecraft:blast_furnace":2,"minecraft:calcite":2,"minecraft:chest":1,"minecraft:cobblestone":10,"minecraft:cyan_bed":2,"minecraft:oak_planks":7,"minecraft:wall_torch":14,"minecraft:chain":2,"minecraft:wheat":1,"paraglider:horned_statue":1,"minecraft:pumpkin_stem":1,"minecraft:pitcher_plant":1,"minecraft:grass":139,"minecraft:oak_log":57,"minecraft:loom":1,"minecraft:sand":1,"minecraft:dirt":12,"minecraft:smooth_basalt":2,"minecraft:oak_leaves":24,"minecraft:cyan_candle":14,"minecraft:deepslate":81,"minecraft:dark_prismarine":3,"minecraft:attached_pumpkin_stem":4,"minecraft:deepslate_diamond_ore":25,"minecraft:purple_candle":1,"minecraft:cartography_table":1,"minecraft:hay_block":1,"minecraft:furnace":1,"minecraft:acacia_wood":8,"minecraft:andesite":29,"minecraft:bookshelf":4,"minecraft:potatoes":8,"minecraft:deepslate_iron_ore":15,"minecraft:stripped_acacia_log":42,"minecraft:bamboo_sapling":1,"minecraft:bamboo":42,"minecraft:stone":146,"minecraft:dandelion":1,"minecraft:oak_fence":6,"minecraft:crafting_table":4,"minecraft:lectern":1,"minecraft:campfire":3,"minecraft:tall_grass":17,"minecraft:deepslate_gold_ore":19,"minecraft:coal_ore":92,"minecraft:pitcher_crop":5,"minecraft:gray_carpet":1,"minecraft:cobweb":2,"minecraft:stripped_acacia_wood":7,"minecraft:stone_bricks":1,"minecraft:mossy_stone_bricks":1,"paraglider:goddess_statue":2},"minecraft:broken":{"minecraft:iron_boots":2,"minecraft:iron_leggings":1,"minecraft:stone_axe":1,"minecraft:golden_chestplate":1,"minecraft:stone_sword":1,"minecraft:iron_pickaxe":1},"minecraft:picked_up":{"minecraft:wooden_axe":2,"minecraft:wheat":10,"minecraft:diamond_sword":1,"minecraft:oak_stairs":1,"minecraft:enchanted_book":17,"minecraft:potion":24,"minecraft:string":23,"paraglider:goddess_statue":3,"minecraft:raw_copper":1,"minecraft:experience_bottle":1,"minecraft:oak_sign":16,"minecraft:cobbled_deepslate":71,"minecraft:calcite":3,"minecraft:azalea":1,"minecraft:iron_pickaxe":1,"minecraft:furnace":1,"minecraft:iron_boots":2,"minecraft:tipped_arrow":7,"minecraft:stick":18,"minecraft:torch":106,"minecraft:porkchop":35,"minecraft:honeycomb_block":11,"tombstone:grave_dust":48,"minecraft:pointed_dripstone":1,"minecraft:golden_chestplate":1,"minecraft:stone_sword":2,"minecraft:honey_bottle":30,"minecraft:rotten_flesh":86,"minecraft:iron_bars":2,"minecraft:cobblestone":168,"paraglider:paraglider":2,"immersive_armors:heavy_helmet":1,"minecraft:cooked_beef":15,"minecraft:water_bucket":1,"minecraft:andesite":34,"minecraft:jungle_log":11,"minecraft:golden_leggings":1,"minecraft:potato":55,"paraglider:spirit_orb":36,"minecraft:lantern":4,"minecraft:map":4,"alexsmobs:rocky_shell":1,"minecraft:dirt":228,"minecraft:bone":84,"minecraft:bow":1,"minecraft:wheat_seeds":107,"minecraft:raw_gold":17,"minecraft:mossy_stone_bricks":1,"minecraft:cyan_candle":50,"minecraft:bamboo":119,"minecraft:honeycomb":20,"minecraft:oak_planks":37,"minecraft:pitcher_pod":3,"minecraft:cooked_porkchop":11,"minecraft:stripped_acacia_wood":17,"minecraft:sand":15,"minecraft:cyan_bed":3,"minecraft:loom":1,"minecraft:dark_oak_log":2,"alexsmobs:animal_dictionary":1,"minecraft:bundle":5,"minecraft:stripped_acacia_log":42,"alexsmobs:kangaroo_hide":4,"minecraft:diamond":87,"minecraft:crossbow":10,"minecraft:granite":1,"minecraft:golden_apple":15,"minecraft:bread":90,"minecraft:spruce_sign":5,"minecraft:emerald":41,"minecraft:oak_sapling":17,"minecraft:oak_leaves":2,"minecraft:charcoal":14,"minecraft:cocoa_beans":1,"minecraft:crafting_table":5,"minecraft:bee_nest":2,"minecraft:splash_potion":1,"minecraft:chicken":4,"minecraft:golden_pickaxe":1,"minecraft:turtle_helmet":2,"minecraft:cooked_rabbit":1,"tombstone:scroll_of_preservation":8,"minecraft:chain":2,"minecraft:shield":2,"minecraft:iron_axe":1,"minecraft:item_frame":1,"minecraft:blackstone":139,"minecraft:cartography_table":2,"minecraft:netherite_sword":1,"minecraft:beef":3,"minecraft:player_head":41,"minecraft:spruce_slab":2,"minecraft:light_gray_wool":3,"minecraft:lectern":2,"minecraft:chest":1,"minecraft:phantom_membrane":7,"minecraft:egg":1,"minecraft:raw_iron":63,"minecraft:stripped_mangrove_wood":113,"minecraft:note_block":4,"minecraft:cake":1,"minecraft:stone_button":5,"minecraft:cookie":1,"minecraft:carrot":71,"minecraft:dark_oak_planks":21,"minecraft:purple_candle":9,"minecraft:arrow":175,"minecraft:beetroot_seeds":4,"minecraft:pumpkin_pie":1,"minecraft:jungle_stairs":1,"minecraft:shears":1,"minecraft:diamond_boots":1,"minecraft:hay_block":1,"minecraft:stripped_dark_oak_wood":3,"minecraft:saddle":2,"minecraft:gold_ingot":194,"minecraft:glistering_melon_slice":8,"paraglider:horned_statue":2,"minecraft:mutton":11,"alexsmobs:kangaroo_meat":3,"minecraft:white_wool":11,"minecraft:leather":15,"minecraft:acacia_wood":7,"minecraft:birch_planks":4,"alexsmobs:cachalot_whale_tooth":3,"minecraft:oak_log":54,"minecraft:yellow_bed":2,"minecraft:gunpowder":6,"minecraft:white_banner":6,"tombstone:gift":1,"minecraft:cooked_mutton":13,"immersive_armors:heavy_chestplate":1,"minecraft:gray_carpet":1,"minecraft:apple":9,"minecraft:stone_bricks":3,"alexsmobs:cockroach_wing_fragment":1,"minecraft:iron_ingot":44,"minecraft:stone_pickaxe":2,"minecraft:cooked_chicken":2,"tombstone:bag_of_seeds":2,"minecraft:glass_bottle":1,"minecraft:iron_sword":3,"minecraft:book":12,"minecraft:smooth_basalt":2,"minecraft:pitcher_plant":3,"minecraft:sweet_berries":4,"minecraft:dandelion":1,"minecraft:raw_iron_block":1,"minecraft:amethyst_shard":4,"minecraft:blast_furnace":3,"minecraft:spider_eye":9,"tombstone:scroll_of_true_sight":2,"minecraft:pumpkin_seeds":7,"minecraft:slime_ball":17,"tombstone:scroll_of_knowledge":1,"minecraft:honey_block":4,"minecraft:birch_sign":2,"tombstone:magic_scroll":14,"minecraft:black_wool":3,"minecraft:melon_seeds":12,"minecraft:coal":162,"minecraft:ender_pearl":7},"minecraft:killed":{"minecraft:spider":12,"minecraft:skeleton":30,"minecraft:skeleton_horse":2,"minecraft:pig":2,"minecraft:zombie_villager":1,"minecraft:creeper":5,"minecraft:sheep":9,"minecraft:pillager":51,"minecraft:zombie":34,"minecraft:stray":9,"minecraft:cow":5,"minecraft:vindicator":8,"minecraft:slime":21,"minecraft:phantom":5,"minecraft:horse":1,"minecraft:husk":14,"minecraft:hoglin":7,"alexsmobs:cockroach":1,"minecraft:wither_skeleton":13},"minecraft:custom":{"minecraft:interact_with_crafting_table":48,"minecraft:open_barrel":48,"minecraft:bell_ring":8,"minecraft:eat_cake_slice":24,"minecraft:leave_game":8,"minecraft:time_since_death":88370,"minecraft:sprint_one_cm":1447425,"minecraft:damage_blocked_by_shield":1180,"minecraft:drop":338,"minecraft:play_noteblock":3,"minecraft:talked_to_villager":3,"minecraft:play_time":569782,"minecraft:deaths":30,"minecraft:jump":5279,"minecraft:walk_on_water_one_cm":156404,"minecraft:enchant_item":2,"minecraft:interact_with_furnace":30,"minecraft:interact_with_loom":2,"minecraft:sleep_in_bed":21,"minecraft:damage_dealt":44080,"minecraft:player_kills":1,"minecraft:crouch_one_cm":26721,"tombstone:undead_killed":108,"minecraft:interact_with_smoker":12,"minecraft:inspect_dispenser":2,"minecraft:interact_with_anvil":17,"minecraft:mob_kills":251,"minecraft:damage_dealt_resisted":60,"minecraft:climb_one_cm":19529,"minecraft:walk_one_cm":1569601,"minecraft:sneak_time":10697,"minecraft:walk_under_water_one_cm":102813,"minecraft:boat_one_cm":140260,"minecraft:interact_with_blast_furnace":16,"minecraft:total_world_time":569782,"tombstone:raider_killed":64,"minecraft:time_since_rest":42512,"minecraft:damage_taken":18692,"minecraft:damage_absorbed":40,"minecraft:swim_one_cm":172903,"minecraft:fly_one_cm":1142759,"minecraft:open_chest":292,"minecraft:fall_one_cm":89477},"minecraft:dropped":{"minecraft:acacia_wood":1,"minecraft:porkchop":4,"minecraft:birch_planks":4,"minecraft:lapis_lazuli":18,"minecraft:cooked_beef":1,"minecraft:golden_pickaxe":1,"minecraft:glass_bottle":4,"alexsmobs:kangaroo_meat":3,"minecraft:crossbow":10,"minecraft:leather":4,"minecraft:jungle_planks":44,"minecraft:dirt":22,"minecraft:stripped_dark_oak_wood":2,"minecraft:pumpkin_pie":2,"minecraft:phantom_membrane":3,"minecraft:glistering_melon_slice":6,"minecraft:iron_pickaxe":1,"paraglider:paraglider":4,"minecraft:dark_oak_planks":19,"minecraft:oak_door":2,"minecraft:blackstone":49,"minecraft:cobbled_deepslate":5,"minecraft:netherite_sword":1,"minecraft:wheat":1,"minecraft:pointed_dripstone":1,"minecraft:oak_planks":1,"alexsmobs:kangaroo_hide":4,"minecraft:turtle_helmet":1,"minecraft:jungle_stairs":1,"minecraft:charcoal":4,"minecraft:spruce_slab":2,"minecraft:iron_bars":2,"minecraft:oak_leaves":2,"minecraft:egg":1,"minecraft:enchanted_book":1,"minecraft:bread":3,"minecraft:netherite_pickaxe":1,"minecraft:wheat_seeds":2,"minecraft:book":1,"minecraft:granite":1,"minecraft:coal":4,"tombstone:magic_scroll":1,"minecraft:wooden_axe":2,"minecraft:potion":1,"minecraft:white_banner":1,"minecraft:acacia_planks":57,"minecraft:player_head":16,"minecraft:cocoa_beans":1,"minecraft:light_gray_wool":3,"minecraft:stripped_acacia_wood":14,"minecraft:diamond_sword":2,"minecraft:shield":1,"alexsmobs:cockroach_wing_fragment":1,"minecraft:bundle":1,"minecraft:cake":1,"minecraft:mossy_stone_bricks":1,"minecraft:birch_sign":2,"minecraft:stone_bricks":3,"minecraft:diamond_boots":2,"minecraft:bow":1},"minecraft:killed_by":{"minecraft:wither_skeleton":8,"minecraft:creeper":1,"minecraft:vindicator":2,"minecraft:illusioner":1,"minecraft:husk":2,"alexsmobs:rocky_roller":1,"minecraft:stray":1,"minecraft:hoglin":3,"minecraft:skeleton":9,"minecraft:phantom":2},"minecraft:used":{"minecraft:iron_shovel":120,"minecraft:oak_sign":12,"minecraft:chest":25,"minecraft:shield":23,"minecraft:iron_sword":173,"paraglider:goddess_statue":2,"minecraft:carrot":76,"minecraft:lava_bucket":2,"minecraft:lantern":1,"minecraft:bow":90,"minecraft:hay_block":1,"minecraft:sweet_berries":2,"minecraft:furnace":1,"minecraft:oak_sapling":20,"minecraft:potato":79,"minecraft:stone_pickaxe":73,"minecraft:mangrove_planks":24,"minecraft:oak_planks":41,"minecraft:wooden_pickaxe":9,"minecraft:diamond_axe":25,"minecraft:cookie":1,"minecraft:white_wool":9,"minecraft:golden_apple":1,"minecraft:stripped_mangrove_wood":47,"minecraft:pitcher_pod":5,"minecraft:blast_furnace":2,"minecraft:crossbow":18,"minecraft:shears":2,"minecraft:pumpkin_seeds":8,"alexsmobs:terrapin_bucket":4,"minecraft:cyan_bed":3,"minecraft:bread":99,"minecraft:stone_button":5,"tombstone:grave_key":8,"minecraft:diamond_sword":658,"minecraft:cooked_rabbit":1,"minecraft:andesite":25,"minecraft:experience_bottle":17,"minecraft:azalea":1,"minecraft:stone_sword":180,"minecraft:cooked_chicken":2,"minecraft:torch":87,"minecraft:dirt":233,"minecraft:diamond_helmet":1,"minecraft:iron_hoe":185,"paraglider:horned_statue":1,"minecraft:bookshelf":27,"minecraft:iron_axe":287,"minecraft:iron_boots":1,"minecraft:melon_seeds":9,"minecraft:smooth_basalt":2,"minecraft:bamboo":119,"minecraft:pitcher_plant":2,"tombstone:gift":13,"minecraft:cobbled_deepslate":2,"minecraft:cooked_beef":8,"minecraft:acacia_planks":127,"minecraft:wheat_seeds":35,"minecraft:cooked_mutton":2,"minecraft:water_bucket":108,"tombstone:scroll_of_knowledge":1,"minecraft:baked_potato":13,"minecraft:crafting_table":5,"minecraft:cake":6,"tombstone:bag_of_seeds":4,"minecraft:diamond_pickaxe":294,"minecraft:apple":1,"minecraft:iron_pickaxe":248,"minecraft:stone_axe":15,"minecraft:cobblestone":25,"minecraft:potion":3,"minecraft:turtle_helmet":1,"minecraft:cooked_porkchop":6,"minecraft:bucket":115,"minecraft:yellow_bed":2,"minecraft:splash_potion":2},"minecraft:crafted":{"minecraft:oak_planks":216,"minecraft:cooked_chicken":2,"minecraft:bookshelf":27,"paraglider:deku_leaf":2,"minecraft:cooked_mutton":1,"minecraft:diamond_leggings":1,"tombstone:grave_key":1,"minecraft:chest":24,"minecraft:cooked_porkchop":50,"minecraft:diamond_axe":1,"minecraft:crafting_table":2,"minecraft:wooden_pickaxe":1,"minecraft:baked_potato":13,"minecraft:iron_helmet":2,"minecraft:birch_planks":68,"minecraft:iron_chestplate":1,"minecraft:diamond_pickaxe":1,"minecraft:stick":96,"minecraft:iron_pickaxe":2,"minecraft:iron_ingot":97,"minecraft:stone_sword":1,"minecraft:gold_ingot":28,"minecraft:shears":1,"minecraft:raw_iron":9,"minecraft:iron_axe":2,"minecraft:iron_hoe":1,"minecraft:stone_pickaxe":2,"minecraft:diamond_boots":2,"minecraft:dark_oak_planks":4,"minecraft:cooked_beef":3,"paraglider:paraglider":4,"minecraft:diamond_sword":1,"minecraft:cyan_dye":2,"minecraft:iron_sword":1,"minecraft:mangrove_planks":256,"minecraft:bucket":1,"minecraft:stone_axe":1,"minecraft:air":0,"minecraft:jungle_planks":44,"minecraft:golden_apple":12,"minecraft:iron_shovel":1,"minecraft:iron_leggings":1,"minecraft:acacia_planks":192,"minecraft:torch":72,"minecraft:diamond_chestplate":1}},"DataVersion":3465}