{"stats":{"minecraft:dropped":{"minecraft:gold_ore":10,"minecraft:acacia_wood":1,"minecraft:birch_planks":4,"minecraft:porkchop":4,"minecraft:diamond_axe":1,"minecraft:lapis_lazuli":18,"minecraft:cooked_beef":1,"minecraft:golden_pickaxe":1,"minecraft:glass_bottle":4,"alexsmobs:kangaroo_meat":3,"minecraft:crossbow":10,"minecraft:rooted_dirt":3,"minecraft:leather":4,"minecraft:jungle_planks":44,"minecraft:emerald":3,"minecraft:item_frame":1,"minecraft:flint":1,"minecraft:cyan_terracotta":2,"immersive_armors:warrior_boots":1,"minecraft:dirt":35,"tombstone:bag_of_seeds":1,"minecraft:stripped_dark_oak_wood":2,"minecraft:pumpkin_pie":2,"minecraft:bone_meal":1,"minecraft:phantom_membrane":3,"minecraft:sand":56,"minecraft:glistering_melon_slice":6,"minecraft:iron_pickaxe":1,"paraglider:paraglider":4,"minecraft:dark_oak_planks":19,"minecraft:oak_door":2,"minecraft:gravel":19,"minecraft:blackstone":49,"minecraft:mangrove_roots":3,"minecraft:cobbled_deepslate":9,"minecraft:netherite_sword":1,"minecraft:wheat":1,"minecraft:pointed_dripstone":2,"minecraft:rotten_flesh":37,"minecraft:oak_planks":1,"paraglider:deku_leaf":1,"alexsmobs:kangaroo_hide":4,"minecraft:poppy":1,"minecraft:turtle_helmet":1,"minecraft:charcoal":4,"minecraft:jungle_stairs":1,"minecraft:leather_leggings":1,"minecraft:spruce_slab":2,"minecraft:iron_bars":2,"minecraft:arrow":8,"minecraft:oak_leaves":2,"minecraft:egg":1,"minecraft:enchanted_book":4,"minecraft:bread":5,"minecraft:netherite_pickaxe":1,"minecraft:wheat_seeds":2,"minecraft:mossy_cobblestone":4,"minecraft:bookshelf":2,"minecraft:cobblestone":60,"minecraft:book":1,"minecraft:granite":1,"minecraft:coal":9,"minecraft:polished_andesite":1,"tombstone:magic_scroll":1,"minecraft:wooden_axe":2,"minecraft:potion":1,"minecraft:polished_andesite_stairs":2,"minecraft:white_banner":1,"minecraft:paper":1,"minecraft:acacia_planks":57,"minecraft:player_head":19,"minecraft:coarse_dirt":195,"minecraft:cocoa_beans":1,"minecraft:smooth_stone_slab":3,"minecraft:light_gray_wool":3,"minecraft:clay_ball":24,"minecraft:stripped_acacia_wood":14,"minecraft:diamond_sword":5,"minecraft:shield":1,"minecraft:flower_pot":1,"alexsmobs:cockroach_wing_fragment":1,"minecraft:bundle":3,"minecraft:cake":1,"minecraft:mossy_stone_bricks":1,"minecraft:oak_sapling":27,"minecraft:birch_sign":2,"minecraft:stone_bricks":15,"minecraft:diamond_boots":2,"minecraft:bow":1},"minecraft:mined":{"minecraft:attached_melon_stem":5,"minecraft:granite":1,"minecraft:acacia_log":1,"minecraft:grass_block":2352,"minecraft:jungle_log":11,"minecraft:deepslate_bricks":9,"minecraft:composter":1,"minecraft:spawner":20,"minecraft:polished_blackstone_bricks":3,"minecraft:tall_seagrass":27,"minecraft:raw_iron_block":1,"minecraft:mossy_cobblestone_stairs":3,"minecraft:iron_ore":53,"minecraft:fire":1,"minecraft:stripped_dark_oak_wood":3,"minecraft:dirt_path":1,"minecraft:oak_sign":1,"minecraft:oak_stairs":1,"minecraft:stripped_mangrove_wood":8,"minecraft:player_head":9,"minecraft:bamboo_slab":14,"minecraft:red_bed":1,"minecraft:blackstone":118,"minecraft:amethyst_cluster":1,"minecraft:clay":27,"minecraft:torch":45,"minecraft:note_block":2,"minecraft:polished_andesite_stairs":7,"minecraft:blast_furnace":2,"minecraft:calcite":2,"minecraft:chest":2,"minecraft:cobblestone":38,"minecraft:cyan_bed":2,"minecraft:oak_planks":14,"minecraft:wall_torch":47,"minecraft:seagrass":8,"minecraft:chain":2,"paraglider:horned_statue":1,"minecraft:wheat":2,"minecraft:smooth_stone_slab":4,"minecraft:pumpkin_stem":1,"minecraft:potted_poppy":1,"minecraft:pitcher_plant":2,"minecraft:grass":190,"minecraft:oak_log":116,"minecraft:loom":1,"minecraft:sand":72,"minecraft:dirt":2022,"minecraft:smooth_basalt":2,"minecraft:oak_leaves":30,"minecraft:cyan_candle":14,"minecraft:deepslate":81,"minecraft:dark_prismarine":3,"minecraft:attached_pumpkin_stem":4,"minecraft:mossy_cobblestone":7,"minecraft:deepslate_diamond_ore":25,"minecraft:mangrove_roots":3,"minecraft:purple_candle":1,"minecraft:cartography_table":1,"minecraft:rooted_dirt":11,"minecraft:large_fern":1,"minecraft:deepslate_brick_slab":1,"minecraft:hay_block":1,"minecraft:furnace":1,"minecraft:acacia_wood":8,"minecraft:andesite":29,"minecraft:bookshelf":4,"minecraft:potatoes":8,"minecraft:cobblestone_slab":1,"minecraft:deepslate_iron_ore":15,"minecraft:lantern":2,"minecraft:stripped_acacia_log":42,"minecraft:bamboo_sapling":2,"minecraft:bamboo":236,"minecraft:stone":194,"minecraft:smithing_table":1,"minecraft:scaffolding":35,"minecraft:dandelion":1,"minecraft:oak_fence":6,"minecraft:crafting_table":4,"minecraft:campfire":3,"minecraft:lectern":40,"minecraft:tall_grass":27,"minecraft:deepslate_gold_ore":19,"minecraft:spruce_stairs":1,"minecraft:coarse_dirt":279,"minecraft:gray_bed":1,"minecraft:birch_leaves":2,"minecraft:coal_ore":92,"minecraft:pitcher_crop":5,"minecraft:gravel":51,"minecraft:gray_carpet":1,"minecraft:cobweb":2,"minecraft:polished_andesite":32,"minecraft:stripped_acacia_wood":7,"minecraft:stone_bricks":14,"minecraft:mossy_stone_bricks":1,"paraglider:goddess_statue":2},"minecraft:picked_up":{"minecraft:wooden_axe":2,"minecraft:wheat":10,"minecraft:flower_pot":1,"minecraft:smithing_table":1,"minecraft:lead":2,"minecraft:diamond_sword":4,"minecraft:oak_stairs":1,"minecraft:potion":26,"minecraft:enchanted_book":32,"paraglider:goddess_statue":3,"minecraft:string":36,"minecraft:raw_copper":1,"minecraft:smooth_stone_slab":8,"paraglider:deku_leaf":2,"minecraft:experience_bottle":1,"minecraft:oak_sign":16,"minecraft:cobbled_deepslate":79,"minecraft:calcite":3,"minecraft:azalea":1,"minecraft:iron_pickaxe":1,"minecraft:furnace":1,"minecraft:iron_boots":2,"minecraft:tipped_arrow":7,"minecraft:stick":40,"minecraft:composter":1,"minecraft:torch":214,"minecraft:bamboo_slab":16,"minecraft:spruce_stairs":1,"minecraft:porkchop":35,"minecraft:honeycomb_block":11,"minecraft:pointed_dripstone":1,"tombstone:grave_dust":70,"minecraft:golden_chestplate":1,"minecraft:stone_sword":4,"minecraft:honey_bottle":30,"minecraft:rotten_flesh":241,"minecraft:cyan_terracotta":2,"minecraft:bookshelf":4,"minecraft:mangrove_roots":3,"minecraft:iron_bars":2,"minecraft:cobblestone":244,"paraglider:paraglider":2,"immersive_armors:heavy_helmet":1,"minecraft:cooked_beef":15,"minecraft:andesite":34,"minecraft:water_bucket":1,"minecraft:jungle_log":11,"minecraft:golden_leggings":1,"minecraft:potato":56,"paraglider:spirit_orb":60,"minecraft:flint":2,"minecraft:acacia_boat":6,"minecraft:lantern":6,"alexsmobs:rocky_shell":1,"minecraft:map":4,"minecraft:dirt":4393,"minecraft:name_tag":2,"minecraft:bone":105,"minecraft:bow":1,"minecraft:wheat_seeds":150,"minecraft:deepslate_brick_slab":1,"minecraft:raw_gold":17,"minecraft:mossy_stone_bricks":1,"minecraft:cyan_candle":50,"minecraft:bamboo":2550,"minecraft:pitcher_pod":3,"minecraft:oak_planks":44,"minecraft:honeycomb":20,"minecraft:cooked_porkchop":11,"minecraft:stripped_acacia_wood":17,"minecraft:sand":86,"minecraft:loom":1,"minecraft:cyan_bed":3,"minecraft:dark_oak_log":2,"alexsmobs:animal_dictionary":1,"minecraft:mossy_cobblestone":7,"minecraft:polished_andesite":26,"minecraft:bundle":8,"minecraft:stripped_acacia_log":42,"alexsmobs:kangaroo_hide":4,"minecraft:diamond":115,"minecraft:crossbow":13,"minecraft:granite":1,"minecraft:bone_meal":1,"minecraft:golden_apple":28,"minecraft:emerald":82,"minecraft:spruce_sign":5,"minecraft:bread":92,"minecraft:rooted_dirt":5,"minecraft:oak_sapling":53,"minecraft:oak_leaves":2,"minecraft:coarse_dirt":196,"minecraft:cocoa_beans":1,"minecraft:charcoal":14,"minecraft:crafting_table":5,"minecraft:bee_nest":2,"minecraft:leather_leggings":1,"minecraft:splash_potion":1,"minecraft:chicken":4,"minecraft:clay_ball":108,"minecraft:turtle_helmet":2,"minecraft:golden_pickaxe":1,"minecraft:cooked_rabbit":1,"tombstone:scroll_of_preservation":8,"minecraft:chain":2,"minecraft:shield":2,"immersive_armors:warrior_boots":1,"minecraft:cornflower":2,"minecraft:red_bed":2,"minecraft:iron_axe":1,"minecraft:item_frame":4,"minecraft:blackstone":203,"minecraft:cartography_table":2,"minecraft:netherite_sword":1,"minecraft:beef":3,"minecraft:oak_boat":4,"minecraft:player_head":52,"minecraft:poppy":1,"minecraft:light_gray_wool":3,"minecraft:spruce_slab":2,"minecraft:lectern":43,"minecraft:chest":3,"minecraft:birch_sapling":1,"minecraft:phantom_membrane":7,"minecraft:egg":1,"minecraft:raw_iron":63,"minecraft:stripped_mangrove_wood":113,"minecraft:note_block":4,"minecraft:polished_blackstone_bricks":3,"minecraft:cake":1,"minecraft:stone_button":5,"minecraft:cookie":1,"minecraft:carrot":71,"minecraft:dark_oak_planks":21,"minecraft:purple_candle":9,"minecraft:arrow":210,"minecraft:beetroot_seeds":12,"minecraft:pumpkin_pie":1,"minecraft:jungle_stairs":1,"minecraft:deepslate_bricks":7,"minecraft:shears":1,"minecraft:diamond_boots":1,"minecraft:hay_block":1,"minecraft:stripped_dark_oak_wood":3,"tombstone:essence_of_undeath":1,"minecraft:glistering_melon_slice":8,"minecraft:saddle":8,"minecraft:gold_ingot":194,"paraglider:horned_statue":2,"minecraft:mutton":11,"alexsmobs:kangaroo_meat":3,"minecraft:white_wool":11,"minecraft:leather":15,"minecraft:acacia_wood":7,"minecraft:birch_planks":4,"alexsmobs:cachalot_whale_tooth":3,"minecraft:oak_log":113,"minecraft:yellow_bed":3,"minecraft:gunpowder":6,"minecraft:deepslate_tile_slab":1,"minecraft:paper":2,"minecraft:white_banner":8,"tombstone:gift":1,"minecraft:cooked_mutton":13,"minecraft:stone_bricks":15,"immersive_armors:heavy_chestplate":1,"minecraft:apple":12,"minecraft:gray_carpet":1,"alexsmobs:cockroach_wing_fragment":1,"minecraft:iron_ingot":45,"minecraft:stone_pickaxe":3,"minecraft:cooked_chicken":2,"tombstone:bag_of_seeds":3,"minecraft:glass_bottle":1,"minecraft:gray_bed":1,"minecraft:iron_sword":3,"minecraft:polished_andesite_stairs":9,"minecraft:book":15,"minecraft:scaffolding":64,"minecraft:smooth_basalt":2,"minecraft:pitcher_plant":4,"minecraft:sweet_berries":5,"minecraft:dandelion":1,"minecraft:raw_iron_block":1,"minecraft:gravel":36,"minecraft:amethyst_shard":8,"minecraft:blast_furnace":3,"minecraft:gold_ore":15,"minecraft:spider_eye":9,"tombstone:scroll_of_true_sight":2,"minecraft:diamond_shovel":7,"minecraft:pumpkin_seeds":13,"minecraft:slime_ball":17,"tombstone:scroll_of_knowledge":1,"minecraft:honey_block":4,"minecraft:diamond_axe":1,"minecraft:birch_sign":2,"minecraft:mossy_cobblestone_stairs":1,"minecraft:baked_potato":1,"tombstone:magic_scroll":18,"minecraft:netherite_hoe":1,"minecraft:melon_seeds":16,"minecraft:black_wool":3,"minecraft:coal":172,"minecraft:ender_pearl":9},"minecraft:crafted":{"minecraft:oak_planks":336,"minecraft:cooked_chicken":2,"minecraft:stone":16,"minecraft:diamond_shovel":3,"minecraft:bookshelf":27,"paraglider:deku_leaf":2,"minecraft:cooked_mutton":1,"minecraft:bamboo_block":167,"minecraft:diamond_leggings":1,"tombstone:grave_key":1,"minecraft:chest":24,"tombstone:decorative_grave_original":1,"minecraft:cooked_porkchop":50,"minecraft:diamond_axe":1,"minecraft:crafting_table":2,"minecraft:wooden_pickaxe":1,"minecraft:iron_helmet":2,"minecraft:baked_potato":13,"minecraft:birch_planks":68,"minecraft:bamboo_planks":334,"minecraft:iron_chestplate":1,"minecraft:diamond_pickaxe":1,"minecraft:stick":96,"minecraft:iron_ingot":97,"minecraft:iron_pickaxe":2,"minecraft:stone_sword":1,"minecraft:gold_ingot":28,"minecraft:shears":1,"minecraft:raw_iron":9,"minecraft:scaffolding":306,"minecraft:iron_axe":2,"minecraft:iron_hoe":1,"minecraft:stone_pickaxe":2,"minecraft:diamond_boots":2,"minecraft:dark_oak_planks":4,"minecraft:cooked_beef":3,"paraglider:paraglider":4,"minecraft:diamond_sword":1,"minecraft:cyan_dye":2,"minecraft:deepslate_brick_slab":6,"minecraft:iron_sword":1,"tombstone:ankh_of_pray":1,"minecraft:mangrove_planks":256,"minecraft:bucket":1,"minecraft:stone_axe":1,"minecraft:enchanted_book":3,"minecraft:air":0,"minecraft:jungle_planks":44,"minecraft:bamboo_slab":660,"minecraft:oak_boat":1,"minecraft:golden_apple":12,"tombstone:dark_marble":16,"minecraft:iron_shovel":1,"minecraft:iron_leggings":1,"minecraft:acacia_planks":192,"minecraft:torch":72,"minecraft:clay":21,"minecraft:diamond_chestplate":1},"minecraft:killed":{"minecraft:spider":17,"naturalist:snail":1,"minecraft:skeleton":45,"minecraft:skeleton_horse":2,"minecraft:pig":2,"minecraft:zombie_villager":1,"minecraft:creeper":5,"minecraft:sheep":9,"minecraft:pillager":70,"minecraft:zombie":227,"minecraft:stray":9,"minecraft:cow":5,"minecraft:giant":1,"minecraft:vindicator":10,"minecraft:slime":21,"minecraft:phantom":5,"minecraft:horse":1,"naturalist:bass":1,"minecraft:drowned":4,"minecraft:husk":14,"minecraft:wandering_trader":1,"minecraft:hoglin":7,"alexsmobs:cockroach":1,"minecraft:wither_skeleton":13,"minecraft:villager":1},"minecraft:custom":{"minecraft:interact_with_crafting_table":66,"minecraft:open_barrel":48,"minecraft:bell_ring":11,"minecraft:eat_cake_slice":25,"minecraft:leave_game":11,"minecraft:time_since_death":281959,"minecraft:sprint_one_cm":2831524,"minecraft:damage_blocked_by_shield":1180,"minecraft:drop":452,"minecraft:play_noteblock":3,"minecraft:talked_to_villager":127,"minecraft:play_time":1360325,"minecraft:deaths":31,"minecraft:jump":9194,"minecraft:walk_on_water_one_cm":366050,"minecraft:enchant_item":3,"minecraft:interact_with_furnace":35,"minecraft:traded_with_villager":3,"minecraft:interact_with_loom":2,"minecraft:sleep_in_bed":55,"minecraft:damage_dealt":89483,"minecraft:player_kills":1,"minecraft:crouch_one_cm":240732,"tombstone:undead_killed":320,"tombstone:villager_killed":2,"minecraft:interact_with_smithing_table":1,"minecraft:interact_with_smoker":12,"minecraft:horse_one_cm":13,"minecraft:inspect_dispenser":2,"minecraft:interact_with_anvil":26,"minecraft:mob_kills":500,"minecraft:damage_dealt_resisted":60,"minecraft:climb_one_cm":34645,"minecraft:walk_one_cm":2872127,"minecraft:sneak_time":92456,"minecraft:walk_under_water_one_cm":426386,"minecraft:boat_one_cm":140260,"minecraft:interact_with_blast_furnace":17,"minecraft:total_world_time":1360325,"tombstone:raider_killed":85,"minecraft:tune_noteblock":19,"minecraft:interact_with_grindstone":2,"tombstone:pray_on_grave":1,"minecraft:time_since_rest":291,"minecraft:damage_taken":21703,"minecraft:damage_absorbed":40,"minecraft:swim_one_cm":261733,"minecraft:fly_one_cm":2199955,"minecraft:open_chest":507,"minecraft:fall_one_cm":118267},"minecraft:used":{"minecraft:iron_shovel":120,"minecraft:oak_sign":12,"minecraft:chest":27,"minecraft:shield":23,"minecraft:iron_sword":173,"minecraft:player_head":8,"tombstone:scroll_of_preservation":2,"paraglider:goddess_statue":2,"minecraft:carrot":76,"minecraft:deepslate_tile_slab":1,"minecraft:deepslate_brick_slab":3,"minecraft:lava_bucket":2,"minecraft:lantern":7,"minecraft:polished_andesite_stairs":3,"minecraft:item_frame":2,"minecraft:bow":90,"minecraft:hay_block":1,"minecraft:sweet_berries":2,"minecraft:scaffolding":370,"minecraft:oak_sapling":23,"minecraft:furnace":1,"minecraft:gray_bed":1,"minecraft:potato":79,"minecraft:oak_planks":208,"minecraft:stone_pickaxe":73,"minecraft:mangrove_planks":24,"minecraft:clay":21,"minecraft:wooden_pickaxe":9,"minecraft:composter":1,"minecraft:diamond_axe":354,"minecraft:glow_berries":1,"minecraft:cookie":1,"minecraft:white_wool":9,"minecraft:golden_apple":1,"minecraft:stripped_mangrove_wood":47,"minecraft:sand":15,"minecraft:pitcher_pod":5,"minecraft:blast_furnace":2,"minecraft:crossbow":56,"minecraft:netherite_helmet":2,"minecraft:note_block":2,"minecraft:pumpkin_seeds":8,"minecraft:shears":2,"alexsmobs:terrapin_bucket":4,"minecraft:stone_button":5,"minecraft:bread":134,"minecraft:cyan_bed":3,"minecraft:lectern":41,"tombstone:grave_key":8,"minecraft:gravel":17,"minecraft:diamond_sword":1352,"minecraft:smooth_stone_slab":1,"minecraft:cooked_rabbit":1,"minecraft:andesite":25,"minecraft:oak_boat":5,"minecraft:coarse_dirt":9,"minecraft:experience_bottle":18,"minecraft:azalea":1,"minecraft:stone_sword":180,"minecraft:cooked_chicken":4,"minecraft:torch":266,"minecraft:dirt":4873,"minecraft:spruce_stairs":1,"minecraft:diamond_helmet":1,"minecraft:mossy_cobblestone_stairs":1,"minecraft:iron_hoe":185,"paraglider:horned_statue":1,"tombstone:ankh_of_pray":3,"minecraft:bookshelf":27,"minecraft:iron_axe":287,"minecraft:rooted_dirt":2,"minecraft:iron_boots":1,"minecraft:melon_seeds":9,"minecraft:smooth_basalt":2,"minecraft:bamboo":787,"alexsmobs:lobster_bucket":1,"minecraft:pitcher_plant":3,"tombstone:gift":15,"minecraft:cooked_beef":8,"minecraft:cobbled_deepslate":2,"minecraft:acacia_planks":127,"minecraft:bamboo_planks":4,"tombstone:decorative_grave_original":1,"minecraft:cooked_mutton":2,"minecraft:wheat_seeds":35,"minecraft:acacia_boat":5,"minecraft:water_bucket":252,"tombstone:scroll_of_knowledge":1,"minecraft:polished_andesite":25,"minecraft:baked_potato":13,"minecraft:deepslate_bricks":12,"minecraft:mossy_cobblestone":2,"minecraft:terracotta":6,"minecraft:crafting_table":6,"minecraft:red_bed":5,"minecraft:cake":6,"tombstone:bag_of_seeds":4,"minecraft:diamond_pickaxe":468,"minecraft:apple":3,"minecraft:diamond_shovel":4948,"minecraft:iron_pickaxe":248,"minecraft:bamboo_slab":612,"minecraft:stone_axe":15,"minecraft:cobblestone":57,"minecraft:potion":3,"minecraft:turtle_helmet":1,"minecraft:white_banner":2,"minecraft:cooked_porkchop":41,"minecraft:bucket":260,"minecraft:yellow_bed":2,"minecraft:splash_potion":2},"minecraft:broken":{"minecraft:iron_boots":2,"minecraft:iron_leggings":1,"minecraft:diamond_shovel":3,"minecraft:stone_axe":1,"minecraft:golden_chestplate":1,"minecraft:stone_sword":1,"minecraft:iron_pickaxe":1},"minecraft:killed_by":{"minecraft:wither_skeleton":8,"minecraft:creeper":1,"minecraft:vindicator":2,"minecraft:zombie":1,"minecraft:illusioner":1,"minecraft:husk":2,"alexsmobs:rocky_roller":1,"minecraft:stray":1,"minecraft:hoglin":3,"minecraft:skeleton":9,"minecraft:phantom":2}},"DataVersion":3465}