{
  "dev:pack": {
    "criteria": {
      "trigger": "2024-06-09 18:14:20 +0000"
    },
    "done": true
  },
  "1_splatus:ultris/root": {
    "criteria": {
      "c1": "2024-06-09 18:14:20 +0000"
    },
    "done": true
  },
  "global:genmode": {
    "criteria": {
      "trigger": "2024-06-09 18:14:20 +0000"
    },
    "done": true
  },
  "minecraft:recipes/decorations/crafting_table": {
    "criteria": {
      "unlock_right_away": "2024-06-09 18:14:20 +0000"
    },
    "done": true
  },
  "naturalist:recipes/food/cooked_egg": {
    "criteria": {
      "has_eggs": "2024-06-09 18:14:19 +0000"
    },
    "done": true
  },
  "betterdeserttemples:root": {
    "criteria": {
      "always": "2024-06-09 18:14:20 +0000"
    },
    "done": true
  },
  "global:root": {
    "criteria": {
      "trigger": "2024-06-09 18:14:20 +0000"
    },
    "done": true
  },
  "gen_baby:pack": {
    "criteria": {
      "trigger": "2024-06-09 18:14:20 +0000"
    },
    "done": true
  },
  "dungeons_arise:wda_root": {
    "criteria": {
      "WDA": "2024-06-09 18:14:20 +0000"
    },
    "done": true
  },
  "betterdungeons:root": {
    "criteria": {
      "always": "2024-06-09 18:14:20 +0000"
    },
    "done": true
  },
  "minecraft:adventure/adventuring_time": {
    "criteria": {
      "minecraft:plains": "2024-06-09 18:14:23 +0000"
    },
    "done": false
  },
  "tombstone:adventure/root": {
    "criteria": {
      "auto": "2024-06-09 18:14:23 +0000"
    },
    "done": true
  },
  "DataVersion": 3465
}